emoji,Meaning
ðŸ˜„,emoji_smiley
ðŸ˜ƒ,emoji_smiley
ðŸ˜€,emoji_smiley
ðŸ˜Š,emoji_smiley
â˜ºï¸,emoji_blush
ðŸ˜‰,emoji_wink
ðŸ˜,emoji_loveeyes
ðŸ˜˜,emoji_kiss
ðŸ˜š,emoji_kiss
ðŸ˜—,emoji_kiss
ðŸ˜™,emoji_kiss
ðŸ˜œ,emoji_tongue
ðŸ˜,emoji_tongue
ðŸ˜›,emoji_tongue
ðŸ˜³,emoji_embarassed
ðŸ˜,emoji_cheese
ðŸ˜”,emoji_sad
ðŸ˜Œ,emoji_sad
ðŸ˜’,emoji_sad
ðŸ˜ž,emoji_sad
ðŸ˜£,emoji_sad
ðŸ˜¢,emoji_sad
ðŸ˜‚,emoji_sad
ðŸ˜­,emoji_sad
ðŸ˜ª,emoji_sad
ðŸ˜¥,emoji_sad
ðŸ˜°,emoji_sad
ðŸ˜…,emoji_sad
ðŸ˜“,emoji_sad
ðŸ˜©,emoji_sad
ðŸ˜«,emoji_sad
ðŸ˜¨,emoji_worry
ðŸ˜±,emoji_worry
ðŸ˜ ,emoji_angry
ðŸ˜¡,emoji_angry
ðŸ˜¤,emoji_angry
ðŸ˜–,emoji_wince
ðŸ˜†,emoji_laugh
ðŸ˜‹,emoji_licklips
ðŸ˜·,emoji_respirator
ðŸ˜Ž,emoji_sunglasses
ðŸ˜´,emoji_Zzz
ðŸ˜µ,emoji_dead
ðŸ˜²,emoji_dead
ðŸ˜Ÿ,emoji_worry
ðŸ˜¦,emoji_worry
ðŸ˜§,emoji_worry
ðŸ˜ˆ,emoji_devil
ðŸ‘¿,emoji_devil
ðŸ˜®,emoji_oh
ðŸ˜¬,emoji_cheese
ðŸ˜,emoji_straight
ðŸ˜•,emoji_worry
ðŸ˜¯,emoji_oh
ðŸ˜¶,emoji_nomouth
ðŸ˜‡,emoji_angel
ðŸ˜,emoji_smirk
ðŸ˜‘,emoji_straight
ðŸ‘²,emoji_gua
ðŸ‘²ðŸ»,emoji_gua
ðŸ‘²ðŸ¼,emoji_gua
ðŸ‘²ðŸ½,emoji_gua
ðŸ‘²ðŸ¾,emoji_gua
ðŸ‘²ðŸ¿,emoji_gua
ðŸ‘³,emoji_turbin
ðŸ‘³ðŸ»,emoji_turbin
ðŸ‘³ðŸ¼,emoji_turbin
ðŸ‘³ðŸ½,emoji_turbin
ðŸ‘³ðŸ¾,emoji_turbin
ðŸ‘³ðŸ¿,emoji_turbin
ðŸ‘®,emoji_police
ðŸ‘®ðŸ»,emoji_police
ðŸ‘®ðŸ¼,emoji_police
ðŸ‘®ðŸ½,emoji_police
ðŸ‘®ðŸ¾,emoji_police
ðŸ‘®ðŸ¿,emoji_police
ðŸ‘·,emoji_safety
ðŸ‘·ðŸ»,emoji_safety
ðŸ‘·ðŸ¼,emoji_safety
ðŸ‘·ðŸ½,emoji_safety
ðŸ‘·ðŸ¾,emoji_safety
ðŸ‘·ðŸ¿,emoji_safety
ðŸ’‚,emoji_russian
ðŸ’‚ðŸ»,emoji_russian
ðŸ’‚ðŸ¼,emoji_russian
ðŸ’‚ðŸ½,emoji_russian
ðŸ’‚ðŸ¾,emoji_russian
ðŸ’‚ðŸ¿,emoji_russian
ðŸ‘¶,emoji_baby
ðŸ‘¶ðŸ»,emoji_baby
ðŸ‘¶ðŸ¼,emoji_baby
ðŸ‘¶ðŸ½,emoji_baby
ðŸ‘¶ðŸ¾,emoji_baby
ðŸ‘¶ðŸ¿,emoji_baby
ðŸ‘¦,emoji_boy
ðŸ‘¦ðŸ»,emoji_boy
ðŸ‘¦ðŸ¼,emoji_boy
ðŸ‘¦ðŸ½,emoji_boy
ðŸ‘¦ðŸ¾,emoji_boy
ðŸ‘¦ðŸ¿,emoji_boy
ðŸ‘§,emoji_girl
ðŸ‘§ðŸ»,emoji_girl
ðŸ‘§ðŸ¼,emoji_girl
ðŸ‘§ðŸ½,emoji_girl
ðŸ‘§ðŸ¾,emoji_girl
ðŸ‘§ðŸ¿,emoji_girl
ðŸ‘¨,emoji_man
ðŸ‘¨ðŸ»,emoji_man
ðŸ‘¨ðŸ¼,emoji_man
ðŸ‘¨ðŸ½,emoji_man
ðŸ‘¨ðŸ¾,emoji_man
ðŸ‘¨ðŸ¿,emoji_man
ðŸ‘©,emoji_woman
ðŸ‘©ðŸ»,emoji_woman
ðŸ‘©ðŸ¼,emoji_woman
ðŸ‘©ðŸ½,emoji_woman
ðŸ‘©ðŸ¾,emoji_woman
ðŸ‘©ðŸ¿,emoji_woman
ðŸ‘´,emoji_grandpa
ðŸ‘´ðŸ»,emoji_grandpa
ðŸ‘´ðŸ¼,emoji_grandpa
ðŸ‘´ðŸ½,emoji_grandpa
ðŸ‘´ðŸ¾,emoji_grandpa
ðŸ‘´ðŸ¿,emoji_grandpa
ðŸ‘µ,emoji_grandma
ðŸ‘µðŸ»,emoji_grandma
ðŸ‘µðŸ¼,emoji_grandma
ðŸ‘µðŸ½,emoji_grandma
ðŸ‘µðŸ¾,emoji_grandma
ðŸ‘µðŸ¿,emoji_grandma
ðŸ‘±,emoji_blonde
ðŸ‘±ðŸ»,emoji_blonde
ðŸ‘±ðŸ¼,emoji_blonde
ðŸ‘±ðŸ½,emoji_blonde
ðŸ‘±ðŸ¾,emoji_blonde
ðŸ‘±ðŸ¿,emoji_blonde
ðŸ‘¼,emoji_angel
ðŸ‘¼ðŸ»,emoji_angel
ðŸ‘¼ðŸ¼,emoji_angel
ðŸ‘¼ðŸ½,emoji_angel
ðŸ‘¼ðŸ¾,emoji_angel
ðŸ‘¼ðŸ¿,emoji_angel
ðŸ‘¸,emoji_princess
ðŸ‘¸ðŸ»,emoji_princess
ðŸ‘¸ðŸ¼,emoji_princess
ðŸ‘¸ðŸ½,emoji_princess
ðŸ‘¸ðŸ¾,emoji_princess
ðŸ‘¸ðŸ¿,emoji_princess
ðŸ˜º,emoji_smile
ðŸ˜¸,emoji_smile
ðŸ˜»,emoji_hearteyes
ðŸ˜½,emoji_kiss
ðŸ˜¼,emoji_angry
ðŸ™€,emoji_shocked
ðŸ˜¿,emoji_sad
ðŸ˜¹,emoji_sad
ðŸ˜¾,emoji_side
ðŸ‘¹,emoji_redmask
ðŸ‘º,emoji_redmask
ðŸ™ˆ,emoji_seeno
ðŸ™‰,emoji_hearno
ðŸ™Š,emoji_speakno
ðŸ’€,emoji_skull
ðŸ‘½,emoji_alien
ðŸ’©,emoji_poop
ðŸ”¥,emoji_fire
âœ¨,emoji_stars
ðŸŒŸ,emoji_stars
ðŸ’«,emoji_stars
ðŸ’¥,emoji_firework
ðŸ’¢,emoji_flare
ðŸ’¦,emoji_water
ðŸ’§,emoji_water
ðŸ’¤,emoji_Zzz
ðŸ’¨,emoji_wind
ðŸ‘‚,emoji_ear
ðŸ‘‚ðŸ»,emoji_ear
ðŸ‘‚ðŸ¼,emoji_ear
ðŸ‘‚ðŸ½,emoji_ear
ðŸ‘‚ðŸ¾,emoji_ear
ðŸ‘‚ðŸ¿,emoji_ear
ðŸ‘€,emoji_eyes
ðŸ‘ƒ,emoji_nose
ðŸ‘ƒðŸ»,emoji_nose
ðŸ‘ƒðŸ¼,emoji_nose
ðŸ‘ƒðŸ½,emoji_nose
ðŸ‘ƒðŸ¾,emoji_nose
ðŸ‘ƒðŸ¿,emoji_nose
ðŸ‘…,emoji_tongue
ðŸ‘„,emoji_lips
ðŸ‘,emoji_thumbsup
ðŸ‘ðŸ»,emoji_thumbsup
ðŸ‘ðŸ¼,emoji_thumbsup
ðŸ‘ðŸ½,emoji_thumbsup
ðŸ‘ðŸ¾,emoji_thumbsup
ðŸ‘ðŸ¿,emoji_thumbsup
ðŸ‘Ž,emoji_thumbsdown
ðŸ‘ŽðŸ»,emoji_thumbsdown
ðŸ‘ŽðŸ¼,emoji_thumbsdown
ðŸ‘ŽðŸ½,emoji_thumbsdown
ðŸ‘ŽðŸ¾,emoji_thumbsdown
ðŸ‘ŽðŸ¿,emoji_thumbsdown
ðŸ‘Œ,emoji_ok
ðŸ‘ŒðŸ»,emoji_ok
ðŸ‘ŒðŸ¼,emoji_ok
ðŸ‘ŒðŸ½,emoji_ok
ðŸ‘ŒðŸ¾,emoji_ok
ðŸ‘ŒðŸ¿,emoji_ok
ðŸ‘Š,emoji_pound
ðŸ‘ŠðŸ»,emoji_pound
ðŸ‘ŠðŸ¼,emoji_pound
ðŸ‘ŠðŸ½,emoji_pound
ðŸ‘ŠðŸ¾,emoji_pound
ðŸ‘ŠðŸ¿,emoji_pound
âœŠ,emoji_power
âœŠðŸ»,emoji_power
âœŠðŸ¼,emoji_power
âœŠðŸ½,emoji_power
âœŠðŸ¾,emoji_power
âœŠðŸ¿,emoji_power
âœŒï¸,emoji_victory
âœŒðŸ»,emoji_victory
âœŒðŸ¼,emoji_victory
âœŒðŸ½,emoji_victory
âœŒðŸ¾,emoji_victory
âœŒðŸ¿,emoji_victory
ðŸ‘‹,emoji_wave
ðŸ‘‹ðŸ»,emoji_wave
ðŸ‘‹ðŸ¼,emoji_wave
ðŸ‘‹ðŸ½,emoji_wave
ðŸ‘‹ðŸ¾,emoji_wave
ðŸ‘‹ðŸ¿,emoji_wave
âœ‹,emoji_raise
âœ‹ðŸ»,emoji_raise
âœ‹ðŸ¼,emoji_raise
âœ‹ðŸ½,emoji_raise
âœ‹ðŸ¾,emoji_raise
âœ‹ðŸ¿,emoji_raise
ðŸ‘,emoji_W
ðŸ‘ðŸ»,emoji_W
ðŸ‘ðŸ¼,emoji_W
ðŸ‘ðŸ½,emoji_W
ðŸ‘ðŸ¾,emoji_W
ðŸ‘ðŸ¿,emoji_W
ðŸ‘†,emoji_pointup
ðŸ‘†ðŸ»,emoji_pointup
ðŸ‘†ðŸ¼,emoji_pointup
ðŸ‘†ðŸ½,emoji_pointup
ðŸ‘†ðŸ¾,emoji_pointup
ðŸ‘†ðŸ¿,emoji_pointup
ðŸ‘‡,emoji_pointdown
ðŸ‘‡ðŸ»,emoji_pointdown
ðŸ‘‡ðŸ¼,emoji_pointdown
ðŸ‘‡ðŸ½,emoji_pointdown
ðŸ‘‡ðŸ¾,emoji_pointdown
ðŸ‘‡ðŸ¿,emoji_pointdown
ðŸ‘‰,emoji_pointright
ðŸ‘‰ðŸ»,emoji_pointright
ðŸ‘‰ðŸ¼,emoji_pointright
ðŸ‘‰ðŸ½,emoji_pointright
ðŸ‘‰ðŸ¾,emoji_pointright
ðŸ‘‰ðŸ¿,emoji_pointright
ðŸ‘ˆ,emoji_pointleft
ðŸ‘ˆðŸ»,emoji_pointleft
ðŸ‘ˆðŸ¼,emoji_pointleft
ðŸ‘ˆðŸ½,emoji_pointleft
ðŸ‘ˆðŸ¾,emoji_pointleft
ðŸ‘ˆðŸ¿,emoji_pointleft
ðŸ™Œ,emoji_td
ðŸ™ŒðŸ»,emoji_td
ðŸ™ŒðŸ¼,emoji_td
ðŸ™ŒðŸ½,emoji_td
ðŸ™ŒðŸ¾,emoji_td
ðŸ™ŒðŸ¿,emoji_td
ðŸ™,emoji_prayer
ðŸ™ðŸ»,emoji_prayer
ðŸ™ðŸ¼,emoji_prayer
ðŸ™ðŸ½,emoji_prayer
ðŸ™ðŸ¾,emoji_prayer
ðŸ™ðŸ¿,emoji_prayer
â˜ï¸,emoji_number
â˜ðŸ»,emoji_number
â˜ðŸ¼,emoji_number
â˜ðŸ½,emoji_number
â˜ðŸ¾,emoji_number
â˜ðŸ¿,emoji_number
ðŸ‘,emoji_clap
ðŸ‘ðŸ»,emoji_clap
ðŸ‘ðŸ¼,emoji_clap
ðŸ‘ðŸ½,emoji_clap
ðŸ‘ðŸ¾,emoji_clap
ðŸ‘ðŸ¿,emoji_clap
ðŸ’ª,emoji_bicep
ðŸ’ªðŸ»,emoji_bicep
ðŸ’ªðŸ¼,emoji_bicep
ðŸ’ªðŸ½,emoji_bicep
ðŸ’ªðŸ¾,emoji_bicep
ðŸ’ªðŸ¿,emoji_bicep
ðŸš¶,emoji_walk
ðŸš¶ðŸ»,emoji_walk
ðŸš¶ðŸ¼,emoji_walk
ðŸš¶ðŸ½,emoji_walk
ðŸš¶ðŸ¾,emoji_walk
ðŸš¶ðŸ¿,emoji_walk
ðŸƒ,emoji_run
ðŸƒðŸ»,emoji_run
ðŸƒðŸ¼,emoji_run
ðŸƒðŸ½,emoji_run
ðŸƒðŸ¾,emoji_run
ðŸƒðŸ¿,emoji_run
ðŸ’ƒ,emoji_salsa
ðŸ’ƒðŸ»,emoji_salsa
ðŸ’ƒðŸ¼,emoji_salsa
ðŸ’ƒðŸ½,emoji_salsa
ðŸ’ƒðŸ¾,emoji_salsa
ðŸ’ƒðŸ¿,emoji_salsa
ðŸ‘«,emoji_couple
ðŸ‘ª,emoji_family
ðŸ‘¨â€ðŸ‘©â€ðŸ‘§,emoji_family
ðŸ‘¨â€ðŸ‘©â€ðŸ‘§â€ðŸ‘¦,emoji_family
ðŸ‘¨â€ðŸ‘©â€ðŸ‘¦â€ðŸ‘¦,emoji_family
ðŸ‘¨â€ðŸ‘©â€ðŸ‘§â€ðŸ‘§,emoji_family
ðŸ‘©â€ðŸ‘©â€ðŸ‘¦,emoji_family
ðŸ‘©â€ðŸ‘©â€ðŸ‘§,emoji_family
ðŸ‘©â€ðŸ‘©â€ðŸ‘§â€ðŸ‘¦,emoji_family
ðŸ‘©â€ðŸ‘©â€ðŸ‘¦â€ðŸ‘¦,emoji_family
ðŸ‘©â€ðŸ‘©â€ðŸ‘§â€ðŸ‘§,emoji_family
ðŸ‘¨â€ðŸ‘¨â€ðŸ‘¦,emoji_family
ðŸ‘¨â€ðŸ‘¨â€ðŸ‘§,emoji_family
ðŸ‘¨â€ðŸ‘¨â€ðŸ‘§â€ðŸ‘¦,emoji_family
ðŸ‘¨â€ðŸ‘¨â€ðŸ‘¦â€ðŸ‘¦,emoji_family
ðŸ‘¨â€ðŸ‘¨â€ðŸ‘§â€ðŸ‘§,emoji_family
ðŸ‘¬,emoji_men
ðŸ‘­,emoji_women
ðŸ’,emoji_coupleheart
ðŸ’‘,emoji_coupleheart
ðŸ‘¯,emoji_dancers
ðŸ™†,emoji_O
ðŸ™†ðŸ»,emoji_O
ðŸ™†ðŸ¼,emoji_O
ðŸ™†ðŸ½,emoji_O
ðŸ™†ðŸ¾,emoji_O
ðŸ™†ðŸ¿,emoji_O
ðŸ™…,emoji_X
ðŸ™…ðŸ»,emoji_X
ðŸ™…ðŸ¼,emoji_X
ðŸ™…ðŸ½,emoji_X
ðŸ™…ðŸ¾,emoji_X
ðŸ™…ðŸ¿,emoji_X
ðŸ’,emoji_Chrissy
ðŸ’ðŸ»,emoji_Chrissy
ðŸ’ðŸ¼,emoji_Chrissy
ðŸ’ðŸ½,emoji_Chrissy
ðŸ’ðŸ¾,emoji_Chrissy
ðŸ’ðŸ¿,emoji_Chrissy
ðŸ™‹,emoji_handraise
ðŸ™‹ðŸ»,emoji_handraise
ðŸ™‹ðŸ¼,emoji_handraise
ðŸ™‹ðŸ½,emoji_handraise
ðŸ™‹ðŸ¾,emoji_handraise
ðŸ™‹ðŸ¿,emoji_handraise
ðŸ’†,emoji_washhair
ðŸ’†ðŸ»,emoji_washhair
ðŸ’†ðŸ¼,emoji_washhair
ðŸ’†ðŸ½,emoji_washhair
ðŸ’†ðŸ¾,emoji_washhair
ðŸ’†ðŸ¿,emoji_washhair
ðŸ’‡,emoji_cuthair
ðŸ’‡ðŸ»,emoji_cuthair
ðŸ’‡ðŸ¼,emoji_cuthair
ðŸ’‡ðŸ½,emoji_cuthair
ðŸ’‡ðŸ¾,emoji_cuthair
ðŸ’‡ðŸ¿,emoji_cuthair
ðŸ’…,emoji_nails
ðŸ’…ðŸ»,emoji_nails
ðŸ’…ðŸ¼,emoji_nails
ðŸ’…ðŸ½,emoji_nails
ðŸ’…ðŸ¾,emoji_nails
ðŸ’…ðŸ¿,emoji_nails
ðŸ‘°,emoji_bride
ðŸ‘°ðŸ»,emoji_bride
ðŸ‘°ðŸ¼,emoji_bride
ðŸ‘°ðŸ½,emoji_bride
ðŸ‘°ðŸ¾,emoji_bride
ðŸ‘°ðŸ¿,emoji_bride
ðŸ™Ž,emoji_whistle
ðŸ™ŽðŸ»,emoji_whistle
ðŸ™ŽðŸ¼,emoji_whistle
ðŸ™ŽðŸ½,emoji_whistle
ðŸ™ŽðŸ¾,emoji_whistle
ðŸ™ŽðŸ¿,emoji_whistle
ðŸ™,emoji_sad
ðŸ™ðŸ»,emoji_sad
ðŸ™ðŸ¼,emoji_sad
ðŸ™ðŸ½,emoji_sad
ðŸ™ðŸ¾,emoji_sad
ðŸ™ðŸ¿,emoji_sad
ðŸ™‡,emoji_headdown
ðŸ™‡ðŸ»,emoji_headdown
ðŸ™‡ðŸ¼,emoji_headdown
ðŸ™‡ðŸ½,emoji_headdown
ðŸ™‡ðŸ¾,emoji_headdown
ðŸ™‡ðŸ¿,emoji_headdown
ðŸŽ©,emoji_tophat
ðŸ‘‘,emoji_crown
ðŸ‘’,emoji_derbyhat
ðŸ‘Ÿ,emoji_whiteshoe
ðŸ‘ž,emoji_brownshoe
ðŸ‘¡,emoji_slipon
ðŸ‘ ,emoji_heel
ðŸ‘¢,emoji_boot
ðŸ‘•,emoji_polo
ðŸ‘”,emoji_shirttie
ðŸ‘š,emoji_blouse
ðŸ‘—,emoji_dress
ðŸŽ½,emoji_workout
ðŸ‘–,emoji_jeans
ðŸ‘˜,emoji_asian
ðŸ‘™,emoji_bikini
ðŸ’¼,emoji_brief
ðŸ‘œ,emoji_bag
ðŸ‘,emoji_bag
ðŸ‘›,emoji_bag
ðŸ‘“,emoji_glasses
ðŸŽ€,emoji_bow
ðŸŒ‚,emoji_umbrella
ðŸ’„,emoji_lipstick
ðŸ’›,emoji_yellowheart
ðŸ’™,emoji_blueheart
ðŸ’œ,emoji_purpleheart
ðŸ’š,emoji_greenheart
â¤ï¸,emoji_redheart
ðŸ’”,emoji_brokenheart
ðŸ’—,emoji_growingheart
ðŸ’“,emoji_ringingheart
ðŸ’•,emoji_twohearts
ðŸ’–,emoji_sparkleheart
ðŸ’ž,emoji_revolvingheart
ðŸ’˜,emoji_cupidheart
ðŸ’Œ,emoji_letterheart
ðŸ’‹,emoji_lips
ðŸ’,emoji_ring
ðŸ’Ž,emoji_diamond
ðŸ‘¤,emoji_user
ðŸ‘¥,emoji_user
ðŸ’¬,emoji_message
ðŸ‘£,emoji_footprint
ðŸ’­,emoji_thought
ðŸ¶,emoji_dog
ðŸº,emoji_fox
ðŸ±,emoji_cat
ðŸ­,emoji_mouse
ðŸ¹,emoji_mouse
ðŸ°,emoji_rabbit
ðŸ¸,emoji_frog
ðŸ¯,emoji_tiger
ðŸ¨,emoji_koala
ðŸ»,emoji_bear
ðŸ·,emoji_pig
ðŸ½,emoji_pig
ðŸ®,emoji_cow
ðŸ—,emoji_warthog
ðŸµ,emoji_monkey
ðŸ’,emoji_monkey
ðŸ´,emoji_horse
ðŸ‘,emoji_sheep
ðŸ˜,emoji_elephant
ðŸ¼,emoji_panda
ðŸ§,emoji_penguin
ðŸ¦,emoji_penguin
ðŸ¤,emoji_chick
ðŸ¥,emoji_chick
ðŸ£,emoji_chick
ðŸ”,emoji_chick
ðŸ,emoji_snake
ðŸ¢,emoji_turtle
ðŸ›,emoji_caterpillar
ðŸ,emoji_bee
ðŸœ,emoji_ant
ðŸž,emoji_ladybug
ðŸŒ,emoji_snail
ðŸ™,emoji_octopus
ðŸš,emoji_shell
ðŸ ,emoji_fish
ðŸŸ,emoji_fish
ðŸ¬,emoji_dolphin
ðŸ³,emoji_whale
ðŸ‹,emoji_whale
ðŸ„,emoji_cow
ðŸ,emoji_sheep
ðŸ€,emoji_mouse
ðŸƒ,emoji_ox
ðŸ…,emoji_tiger
ðŸ‡,emoji_rabbit
ðŸ‰,emoji_dragon
ðŸŽ,emoji_horse
ðŸ,emoji_goat
ðŸ“,emoji_chicken
ðŸ•,emoji_dog
ðŸ–,emoji_pig
ðŸ,emoji_mouse
ðŸ‚,emoji_bull
ðŸ²,emoji_dragon
ðŸ¡,emoji_puffer
ðŸŠ,emoji_alligator
ðŸ«,emoji_camel
ðŸª,emoji_camel
ðŸ†,emoji_leopard
ðŸˆ,emoji_cat
ðŸ©,emoji_poodle
ðŸ¾,emoji_paw
ðŸ’,emoji_flower
ðŸŒ¸,emoji_flower
ðŸŒ·,emoji_flower
ðŸ€,emoji_shamrock
ðŸŒ¹,emoji_flower
ðŸŒ»,emoji_flower
ðŸŒº,emoji_flower
ðŸ,emoji_leaf
ðŸƒ,emoji_leaf
ðŸ‚,emoji_leaf
ðŸŒ¿,emoji_leaf
ðŸŒ¾,emoji_leaf
ðŸ„,emoji_mushroom
ðŸŒµ,emoji_cactus
ðŸŒ´,emoji_palm
ðŸŒ²,emoji_evergreen
ðŸŒ³,emoji_tree
ðŸŒ°,emoji_acorn
ðŸŒ±,emoji_sprout
ðŸŒ¼,emoji_flower
ðŸŒ,emoji_globe
ðŸŒž,emoji_sun
ðŸŒ,emoji_moonface
ðŸŒš,emoji_newface
ðŸŒ‘,emoji_moon
ðŸŒ’,emoji_moon
ðŸŒ“,emoji_moon
ðŸŒ”,emoji_moon
ðŸŒ•,emoji_moon
ðŸŒ–,emoji_moon
ðŸŒ—,emoji_moon
ðŸŒ˜,emoji_moon
ðŸŒœ,emoji_moon
ðŸŒ›,emoji_moon
ðŸŒ™,emoji_moon
ðŸŒ,emoji_globe
ðŸŒŽ,emoji_globe
ðŸŒ,emoji_globe
ðŸŒ‹,emoji_volcano
ðŸŒŒ,emoji_stars
ðŸŒ ,emoji_stars
â­ï¸,emoji_stars
â˜€ï¸,emoji_weather
â›…ï¸,emoji_weather
â˜ï¸,emoji_weather
âš¡ï¸,emoji_weather
â˜”ï¸,emoji_weather
â„ï¸,emoji_weather
â›„ï¸,emoji_weather
ðŸŒ€,emoji_spiral
ðŸŒ,emoji_mountain
ðŸŒˆ,emoji_rainbow
ðŸŒŠ,emoji_wave
ðŸŽ,emoji_pine
ðŸ’,emoji_heartbox
ðŸŽŽ,emoji_asian
ðŸŽ’,emoji_backpack
ðŸŽ“,emoji_graduation
ðŸŽ,emoji_windsock
ðŸŽ†,emoji_firework
ðŸŽ‡,emoji_firework
ðŸŽ,emoji_latern
ðŸŽ‘,emoji_wind
ðŸŽƒ,emoji_pumpkin
ðŸ‘»,emoji_ghost
ðŸŽ…,emoji_santa
ðŸŽ…ðŸ»,emoji_santa
ðŸŽ…ðŸ¼,emoji_santa
ðŸŽ…ðŸ½,emoji_santa
ðŸŽ…ðŸ¾,emoji_santa
ðŸŽ…ðŸ¿,emoji_santa
ðŸŽ„,emoji_xmastree
ðŸŽ,emoji_gift
ðŸŽ‹,emoji_bamboo
ðŸŽ‰,emoji_party
ðŸŽŠ,emoji_party
ðŸŽˆ,emoji_balloon
ðŸŽŒ,emoji_flags
ðŸ”®,emoji_crystalball
ðŸŽ¥,emoji_camera
ðŸ“·,emoji_camera
ðŸ“¹,emoji_camera
ðŸ“¼,emoji_tape
ðŸ’¿,emoji_cd
ðŸ“€,emoji_cd
ðŸ’½,emoji_cd
ðŸ’¾,emoji_disk
ðŸ’»,emoji_computer
ðŸ“±,emoji_iphone
â˜Žï¸,emoji_phone
ðŸ“ž,emoji_phone
ðŸ“Ÿ,emoji_pager
ðŸ“ ,emoji_fax
ðŸ“¡,emoji_microwave
ðŸ“º,emoji_tv
ðŸ“»,emoji_radio
ðŸ”Š,emoji_speaker
ðŸ”‰,emoji_speaker
ðŸ”ˆ,emoji_speaker
ðŸ”‡,emoji_speaker
ðŸ””,emoji_bell
ðŸ”•,emoji_bell
ðŸ“¢,emoji_speaker
ðŸ“£,emoji_speaker
â³,emoji_hourglass
âŒ›ï¸,emoji_hourglass
â°,emoji_clock
âŒšï¸,emoji_clock
ðŸ”“,emoji_lock
ðŸ”’,emoji_lock
ðŸ”,emoji_lock
ðŸ”,emoji_lock
ðŸ”‘,emoji_lock
ðŸ”Ž,emoji_magnify
ðŸ’¡,emoji_bulb
ðŸ”¦,emoji_flashlight
ðŸ”†,emoji_bright
ðŸ”…,emoji_bright
ðŸ”Œ,emoji_plug
ðŸ”‹,emoji_battery
ðŸ”,emoji_magnify
ðŸ›,emoji_tub
ðŸ›€,emoji_tub
ðŸš¿,emoji_shower
ðŸš½,emoji_toilet
ðŸ”§,emoji_wrench
ðŸ”©,emoji_bolt
ðŸ”¨,emoji_hammer
ðŸšª,emoji_door
ðŸš¬,emoji_cigarette
ðŸ’£,emoji_bomb
ðŸ”«,emoji_gun
ðŸ”ª,emoji_knife
ðŸ’Š,emoji_pill
ðŸ’‰,emoji_needle
ðŸ’°,emoji_money
ðŸ’´,emoji_money
ðŸ’µ,emoji_money
ðŸ’·,emoji_money
ðŸ’¶,emoji_money
ðŸ’³,emoji_money
ðŸ’¸,emoji_money
ðŸ“²,emoji_iphone
ðŸ“§,emoji_letter
ðŸ“¥,emoji_letter
ðŸ“¤,emoji_letter
âœ‰ï¸,emoji_letter
ðŸ“©,emoji_letter
ðŸ“¨,emoji_letter
ðŸ“¯,emoji_horn
ðŸ“«,emoji_letter
ðŸ“ª,emoji_letter
ðŸ“¬,emoji_letter
ðŸ“­,emoji_letter
ðŸ“®,emoji_letter
ðŸ“¦,emoji_letter
ðŸ“,emoji_office
ðŸ“„,emoji_office
ðŸ“ƒ,emoji_office
ðŸ“‘,emoji_office
ðŸ“Š,emoji_office
ðŸ“ˆ,emoji_office
ðŸ“‰,emoji_office
ðŸ“œ,emoji_office
ðŸ“‹,emoji_office
ðŸ“…,emoji_office
ðŸ“†,emoji_office
ðŸ“‡,emoji_office
ðŸ“,emoji_office
ðŸ“‚,emoji_office
âœ‚ï¸,emoji_office
ðŸ“Œ,emoji_office
ðŸ“Ž,emoji_office
âœ’ï¸,emoji_office
âœï¸,emoji_office
ðŸ“,emoji_office
ðŸ“,emoji_office
ðŸ“•,emoji_book
ðŸ“—,emoji_book
ðŸ“˜,emoji_book
ðŸ“™,emoji_book
ðŸ““,emoji_book
ðŸ“”,emoji_book
ðŸ“’,emoji_book
ðŸ“š,emoji_book
ðŸ“–,emoji_book
ðŸ”–,emoji_badge
ðŸ“›,emoji_badge
ðŸ”¬,emoji_science
ðŸ”­,emoji_science
ðŸ“°,emoji_news
ðŸŽ¨,emoji_art
ðŸŽ¬,emoji_movie
ðŸŽ¤,emoji_mic
ðŸŽ§,emoji_earphone
ðŸŽ¼,emoji_music
ðŸŽµ,emoji_music
ðŸŽ¶,emoji_music
ðŸŽ¹,emoji_music
ðŸŽ»,emoji_music
ðŸŽº,emoji_music
ðŸŽ·,emoji_music
ðŸŽ¸,emoji_music
ðŸ‘¾,emoji_game
ðŸŽ®,emoji_game
ðŸƒ,emoji_game
ðŸŽ´,emoji_game
ðŸ€„ï¸,emoji_game
ðŸŽ²,emoji_game
ðŸŽ¯,emoji_game
ðŸˆ,emoji_sport
ðŸ€,emoji_sport
âš½ï¸,emoji_sport
âš¾ï¸,emoji_sport
ðŸŽ¾,emoji_sport
ðŸŽ±,emoji_sport
ðŸ‰,emoji_sport
ðŸŽ³,emoji_sport
â›³ï¸,emoji_sport
ðŸšµ,emoji_sport
ðŸšµðŸ»,emoji_sport
ðŸšµðŸ¼,emoji_sport
ðŸšµðŸ½,emoji_sport
ðŸšµðŸ¾,emoji_sport
ðŸšµðŸ¿,emoji_sport
ðŸš´,emoji_sport
ðŸš´ðŸ»,emoji_sport
ðŸš´ðŸ¼,emoji_sport
ðŸš´ðŸ½,emoji_sport
ðŸš´ðŸ¾,emoji_sport
ðŸš´ðŸ¿,emoji_sport
ðŸ,emoji_sport
ðŸ‡,emoji_sport
ðŸ‡ðŸ»,emoji_sport
ðŸ‡ðŸ¼,emoji_sport
ðŸ‡ðŸ½,emoji_sport
ðŸ‡ðŸ¾,emoji_sport
ðŸ‡ðŸ¿,emoji_sport
ðŸ†,emoji_sport
ðŸŽ¿,emoji_sport
ðŸ‚,emoji_sport
ðŸŠ,emoji_sport
ðŸŠðŸ»,emoji_sport
ðŸŠðŸ¼,emoji_sport
ðŸŠðŸ½,emoji_sport
ðŸŠðŸ¾,emoji_sport
ðŸŠðŸ¿,emoji_sport
ðŸ„,emoji_sport
ðŸ„ðŸ»,emoji_sport
ðŸ„ðŸ¼,emoji_sport
ðŸ„ðŸ½,emoji_sport
ðŸ„ðŸ¾,emoji_sport
ðŸ„ðŸ¿,emoji_sport
ðŸŽ£,emoji_sport
â˜•ï¸,emoji_fooddrink
ðŸµ,emoji_fooddrink
ðŸ¶,emoji_fooddrink
ðŸ¼,emoji_fooddrink
ðŸº,emoji_fooddrink
ðŸ»,emoji_fooddrink
ðŸ¸,emoji_fooddrink
ðŸ¹,emoji_fooddrink
ðŸ·,emoji_fooddrink
ðŸ´,emoji_fooddrink
ðŸ•,emoji_fooddrink
ðŸ”,emoji_fooddrink
ðŸŸ,emoji_fooddrink
ðŸ—,emoji_fooddrink
ðŸ–,emoji_fooddrink
ðŸ,emoji_fooddrink
ðŸ›,emoji_fooddrink
ðŸ¤,emoji_fooddrink
ðŸ±,emoji_fooddrink
ðŸ£,emoji_fooddrink
ðŸ¥,emoji_fooddrink
ðŸ™,emoji_fooddrink
ðŸ˜,emoji_fooddrink
ðŸš,emoji_fooddrink
ðŸœ,emoji_fooddrink
ðŸ²,emoji_fooddrink
ðŸ¢,emoji_fooddrink
ðŸ¡,emoji_fooddrink
ðŸ³,emoji_fooddrink
ðŸž,emoji_fooddrink
ðŸ©,emoji_fooddrink
ðŸ®,emoji_fooddrink
ðŸ¦,emoji_fooddrink
ðŸ¨,emoji_fooddrink
ðŸ§,emoji_fooddrink
ðŸŽ‚,emoji_fooddrink
ðŸ°,emoji_fooddrink
ðŸª,emoji_fooddrink
ðŸ«,emoji_fooddrink
ðŸ¬,emoji_fooddrink
ðŸ­,emoji_fooddrink
ðŸ¯,emoji_fooddrink
ðŸŽ,emoji_fooddrink
ðŸ,emoji_fooddrink
ðŸŠ,emoji_fooddrink
ðŸ‹,emoji_fooddrink
ðŸ’,emoji_fooddrink
ðŸ‡,emoji_fooddrink
ðŸ‰,emoji_fooddrink
ðŸ“,emoji_fooddrink
ðŸ‘,emoji_fooddrink
ðŸˆ,emoji_fooddrink
ðŸŒ,emoji_fooddrink
ðŸ,emoji_fooddrink
ðŸ,emoji_fooddrink
ðŸ ,emoji_fooddrink
ðŸ†,emoji_fooddrink
ðŸ…,emoji_fooddrink
ðŸŒ½,emoji_fooddrink
ðŸ ,emoji_building
ðŸ¡,emoji_building
ðŸ«,emoji_building
ðŸ¢,emoji_building
ðŸ£,emoji_building
ðŸ¥,emoji_building
ðŸ¦,emoji_building
ðŸª,emoji_building
ðŸ©,emoji_building
ðŸ¨,emoji_building
ðŸ’’,emoji_building
â›ªï¸,emoji_building
ðŸ¬,emoji_building
ðŸ¤,emoji_building
ðŸŒ‡,emoji_square
ðŸŒ†,emoji_square
ðŸ¯,emoji_square
ðŸ°,emoji_square
â›ºï¸,emoji_square
ðŸ­,emoji_square
ðŸ—¼,emoji_square
ðŸ—¾,emoji_square
ðŸ—»,emoji_square
ðŸŒ„,emoji_square
ðŸŒ…,emoji_square
ðŸŒƒ,emoji_square
ðŸ—½,emoji_square
ðŸŒ‰,emoji_square
ðŸŽ ,emoji_square
ðŸŽ¡,emoji_square
â›²ï¸,emoji_square
ðŸŽ¢,emoji_square
ðŸš¢,emoji_square
â›µï¸,emoji_vehicle
ðŸš¤,emoji_vehicle
ðŸš£,emoji_vehicle
âš“ï¸,emoji_vehicle
ðŸš€,emoji_vehicle
âœˆï¸,emoji_vehicle
ðŸ’º,emoji_vehicle
ðŸš,emoji_vehicle
ðŸš‚,emoji_vehicle
ðŸšŠ,emoji_vehicle
ðŸš‰,emoji_vehicle
ðŸšž,emoji_vehicle
ðŸš†,emoji_vehicle
ðŸš„,emoji_vehicle
ðŸš…,emoji_vehicle
ðŸšˆ,emoji_vehicle
ðŸš‡,emoji_vehicle
ðŸš,emoji_vehicle
ðŸš‹,emoji_vehicle
ðŸšƒ,emoji_vehicle
ðŸšŽ,emoji_vehicle
ðŸšŒ,emoji_vehicle
ðŸš,emoji_vehicle
ðŸš™,emoji_vehicle
ðŸš˜,emoji_vehicle
ðŸš—,emoji_vehicle
ðŸš•,emoji_vehicle
ðŸš–,emoji_vehicle
ðŸš›,emoji_vehicle
ðŸšš,emoji_vehicle
ðŸš¨,emoji_vehicle
ðŸš“,emoji_vehicle
ðŸš”,emoji_vehicle
ðŸš’,emoji_vehicle
ðŸš‘,emoji_vehicle
ðŸš,emoji_vehicle
ðŸš²,emoji_vehicle
ðŸš¡,emoji_vehicle
ðŸšŸ,emoji_vehicle
ðŸš ,emoji_vehicle
ðŸšœ,emoji_vehicle
ðŸ’ˆ,emoji_sign
ðŸš,emoji_sign
ðŸŽ«,emoji_sign
ðŸš¦,emoji_sign
ðŸš¥,emoji_sign
âš ï¸,emoji_sign
ðŸš§,emoji_sign
ðŸ”°,emoji_sign
â›½ï¸,emoji_sign
ðŸ®,emoji_sign
ðŸŽ°,emoji_sign
â™¨ï¸,emoji_sign
ðŸ—¿,emoji_sign
ðŸŽª,emoji_sign
ðŸŽ­,emoji_sign
ðŸ“,emoji_sign
ðŸš©,emoji_sign
ðŸ‡¦ðŸ‡º,emoji_flag
ðŸ‡¦ðŸ‡¹,emoji_flag
ðŸ‡§ðŸ‡ª,emoji_flag
ðŸ‡§ðŸ‡·,emoji_flag
ðŸ‡¨ðŸ‡¦,emoji_flag
ðŸ‡¨ðŸ‡±,emoji_flag
ðŸ‡¨ðŸ‡³,emoji_flag
ðŸ‡¨ðŸ‡´,emoji_flag
ðŸ‡©ðŸ‡°,emoji_flag
ðŸ‡«ðŸ‡®,emoji_flag
ðŸ‡«ðŸ‡·,emoji_flag
ðŸ‡©ðŸ‡ª,emoji_flag
ðŸ‡­ðŸ‡°,emoji_flag
ðŸ‡®ðŸ‡³,emoji_flag
ðŸ‡®ðŸ‡©,emoji_flag
ðŸ‡®ðŸ‡ª,emoji_flag
ðŸ‡®ðŸ‡±,emoji_flag
ðŸ‡®ðŸ‡¹,emoji_flag
ðŸ‡¯ðŸ‡µ,emoji_flag
ðŸ‡°ðŸ‡·,emoji_flag
ðŸ‡²ðŸ‡´,emoji_flag
ðŸ‡²ðŸ‡¾,emoji_flag
ðŸ‡²ðŸ‡½,emoji_flag
ðŸ‡³ðŸ‡±,emoji_flag
ðŸ‡³ðŸ‡¿,emoji_flag
ðŸ‡³ðŸ‡´,emoji_flag
ðŸ‡µðŸ‡­,emoji_flag
ðŸ‡µðŸ‡±,emoji_flag
ðŸ‡µðŸ‡¹,emoji_flag
ðŸ‡µðŸ‡·,emoji_flag
ðŸ‡·ðŸ‡º,emoji_flag
ðŸ‡¸ðŸ‡¦,emoji_flag
ðŸ‡¸ðŸ‡¬,emoji_flag
ðŸ‡¿ðŸ‡¦,emoji_flag
ðŸ‡ªðŸ‡¸,emoji_flag
ðŸ‡¸ðŸ‡ª,emoji_flag
ðŸ‡¨ðŸ‡­,emoji_flag
ðŸ‡¹ðŸ‡·,emoji_flag
ðŸ‡¬ðŸ‡§,emoji_flag
ðŸ‡ºðŸ‡¸,emoji_flag
ðŸ‡¦ðŸ‡ª,emoji_flag
ðŸ‡»ðŸ‡³,emoji_flag
1ï¸âƒ£,emoji_1
2ï¸âƒ£,emoji_2
3ï¸âƒ£,emoji_3
4ï¸âƒ£,emoji_4
5ï¸âƒ£,emoji_5
6ï¸âƒ£,emoji_6
7ï¸âƒ£,emoji_7
8ï¸âƒ£,emoji_8
9ï¸âƒ£,emoji_9
0ï¸âƒ£,emoji_0
ðŸ”Ÿ,emoji_10
ðŸ”¢,emoji_1234
#ï¸âƒ£,emoji_pound
ðŸ”£,emoji_symbols
â¬†ï¸,emoji_up
â¬‡ï¸,emoji_down
â¬…ï¸,emoji_left
âž¡ï¸,emoji_right
ðŸ” ,emoji_abcd
ðŸ”¡,emoji_abcd
ðŸ”¤,emoji_abc
â†—ï¸,emoji_upright
â†–ï¸,emoji_upleft
â†˜ï¸,emoji_downright
â†™ï¸,emoji_downleft
â†”ï¸,emoji_horiz
â†•ï¸,emoji_vertical
ðŸ”„,emoji_loop
â—€ï¸,emoji_lefttri
â–¶ï¸,emoji_righttri
ðŸ”¼,emoji_uptri
ðŸ”½,emoji_downtri
â†©ï¸,emoji_cueback
â†ªï¸,emoji_cueforward
â„¹ï¸,emoji_info
âª,emoji_rewind
â©,emoji_fastforward
â«,emoji_upforward
â¬,emoji_downforward
â¤µï¸,emoji_downward
â¤´ï¸,emoji_upward
ðŸ†—,emoji_ok
ðŸ”€,emoji_shuffle
ðŸ”,emoji_loop
ðŸ”‚,emoji_looponce
ðŸ†•,emoji_new
ðŸ†™,emoji_upexcl
ðŸ†’,emoji_cool
ðŸ†“,emoji_free
ðŸ†–,emoji_ng
ðŸ“¶,emoji_bars
ðŸŽ¦,emoji_movie
ðŸˆ,emoji_asian
ðŸˆ¯ï¸,emoji_asian
ðŸˆ³,emoji_asian
ðŸˆµ,emoji_asian
ðŸˆ´,emoji_asian
ðŸˆ²,emoji_asian
ðŸ‰,emoji_asian
ðŸˆ¹,emoji_asian
ðŸˆº,emoji_asian
ðŸˆšï¸,emoji_asian
ðŸš»,emoji_menwomen
ðŸš¹,emoji_men
ðŸšº,emoji_women
ðŸš¼,emoji_baby
ðŸš¾,emoji_wc
ðŸš°,emoji_water
ðŸš®,emoji_trash
ðŸ…¿ï¸,emoji_parking
â™¿ï¸,emoji_handicap
ðŸš­,emoji_nosmoking
ðŸˆ·,emoji_asian
ðŸˆ¸,emoji_asian
ðŸˆ‚,emoji_asian
â“‚ï¸,emoji_metro
ðŸ›‚,emoji_service
ðŸ›„,emoji_baggage
ðŸ›…,emoji_lockedbaggage
ðŸ›ƒ,emoji_service
ðŸ‰‘,emoji_asian
ãŠ™ï¸,emoji_asian
ãŠ—ï¸,emoji_asian
ðŸ†‘,emoji_cl
ðŸ†˜,emoji_sos
ðŸ†”,emoji_id
ðŸš«,emoji_no
ðŸ”ž,emoji_18
ðŸ“µ,emoji_cell
ðŸš¯,emoji_litter
ðŸš±,emoji_water
ðŸš³,emoji_bike
ðŸš·,emoji_walk
ðŸš¸,emoji_child
â›”ï¸,emoji_enter
âœ³ï¸,emoji_star
â‡ï¸,emoji_star
âŽ,emoji_x
âœ…,emoji_check
âœ´ï¸,emoji_star
ðŸ’Ÿ,emoji_heart
ðŸ†š,emoji_vs
ðŸ“³,emoji_phoneheart
ðŸ“´,emoji_phoneoff
ðŸ…°,emoji_a
ðŸ…±,emoji_b
ðŸ†Ž,emoji_ab
ðŸ…¾,emoji_o
ðŸ’ ,emoji_diamond
âž¿,emoji_twoloops
â™»ï¸,emoji_recycle
â™ˆï¸,emoji_zodiac
â™‰ï¸,emoji_zodiac
â™Šï¸,emoji_zodiac
â™‹ï¸,emoji_zodiac
â™Œï¸,emoji_zodiac
â™ï¸,emoji_zodiac
â™Žï¸,emoji_zodiac
â™ï¸,emoji_zodiac
â™ï¸,emoji_zodiac
â™‘ï¸,emoji_zodiac
â™’ï¸,emoji_zodiac
â™“ï¸,emoji_zodiac
â›Ž,emoji_zodiac
ðŸ”¯,emoji_zodiac
ðŸ§,emoji_atm
ðŸ’¹,emoji_yen
ðŸ’²,emoji_dollar
ðŸ’±,emoji_money
Â©,emoji_copyright
Â®,emoji_register
â„¢,emoji_tm
âŒ,emoji_x
â€¼ï¸,emoji_doubleexcl
â‰ï¸,emoji_exclquestion
â—ï¸,emoji_excl
â“,emoji_question
â•,emoji_grayexcl
â”,emoji_grayquestion
â­•ï¸,emoji_o
ðŸ”,emoji_top
ðŸ”š,emoji_end
ðŸ”™,emoji_back
ðŸ”›,emoji_on
ðŸ”œ,emoji_soon
ðŸ”ƒ,emoji_loop
ðŸ•›,emoji_time
ðŸ•§,emoji_time
ðŸ•,emoji_time
ðŸ•œ,emoji_time
ðŸ•‘,emoji_time
ðŸ•,emoji_time
ðŸ•’,emoji_time
ðŸ•ž,emoji_time
ðŸ•“,emoji_time
ðŸ•Ÿ,emoji_time
ðŸ•”,emoji_time
ðŸ• ,emoji_time
ðŸ••,emoji_time
ðŸ•–,emoji_time
ðŸ•—,emoji_time
ðŸ•˜,emoji_time
ðŸ•™,emoji_time
ðŸ•š,emoji_time
ðŸ•¡,emoji_time
ðŸ•¢,emoji_time
ðŸ•£,emoji_time
ðŸ•¤,emoji_time
ðŸ•¥,emoji_time
ðŸ•¦,emoji_time
âœ–ï¸,emoji_math
âž•,emoji_math
âž–,emoji_math
âž—,emoji_math
â™ ï¸,emoji_card
â™¥ï¸,emoji_card
â™£ï¸,emoji_card
â™¦ï¸,emoji_card
ðŸ’®,emoji_card
ðŸ’¯,emoji_card
âœ”ï¸,emoji_check
â˜‘ï¸,emoji_check
ðŸ”˜,emoji_radio
ðŸ”—,emoji_paperclip
âž°,emoji_loop
ã€°,emoji_wiggle
ã€½ï¸,emoji_wiggle
ðŸ”±,emoji_flourant
â—¼ï¸,emoji_button
â—»ï¸,emoji_button
â—¾ï¸,emoji_button
â—½ï¸,emoji_button
â–ªï¸,emoji_button
â–«ï¸,emoji_button
ðŸ”º,emoji_button
ðŸ”²,emoji_button
ðŸ”³,emoji_button
âš«ï¸,emoji_button
âšªï¸,emoji_button
ðŸ”´,emoji_button
ðŸ”µ,emoji_button
ðŸ”»,emoji_button
â¬œï¸,emoji_button
â¬›ï¸,emoji_button
ðŸ”¶,emoji_button
ðŸ”·,emoji_button
ðŸ”¸,emoji_button
ðŸ”¹,emoji_button
ðŸ––,emoji_Vulcan
ðŸ––ðŸ»,emoji_Vulcan
ðŸ––ðŸ¼,emoji_Vulcan
ðŸ––ðŸ½,emoji_Vulcan
ðŸ––ðŸ¾,emoji_Vulcan
ðŸ––ðŸ¿,emoji_Vulcan
✓,emoji_paloma
…,emoji_puntos
