post_time,post_id,message
5/9/2018 15:41,2011f49a409d8ec8acb1511225e88118,Shit it is hot outside man WTF
5/9/2018 15:41,d687b05222d725f294b2362cd2f72fd6,Probably the best version of this song I've ever heard.
5/9/2018 15:41,5fe47e59c3315c6818aefbb237f6ded9,4 minutes to 4:20. You're welcome<CM>  stoners
5/9/2018 15:41,137affcd3abc203372e4372d5f5a5f93,Fuck it ima play some video games
5/9/2018 15:41,246de014b68df1c4aad1cfd02501c498,Ok.he up.there
5/9/2018 15:41,523e483165e9a59e7ea960c434f1c99c,I've lost everything I mean everything the struggle is real!!!
5/9/2018 15:41,67a5de5fe723168b1f1fcc74c381e02b,Ahaha<CM> I am throwing in the towel. I just want Abracadabra. Next thing you know<CM> POOF and we're gone. ğŸŒ™
5/9/2018 15:41,602b8674622b49436ad16af39c9bf602,Jajajajajaja
5/9/2018 15:41,4ea2c06edd0d12b0b93f4d001bc27075,Frustrating as shit when u wanna talk to one person but..
5/9/2018 15:41,1f0f07d65f52527cd493161e1f03d126,GOOD night fb
5/9/2018 15:41,d3ebc9ec6d9b34318dbf5d9635964999,why why people just dont understand
5/9/2018 15:41,de25ecadad068daaf74bcbfe3d34bdd2,Its snowing like fuckin crazy here. I hate it so bad
5/9/2018 15:41,cafba8b96c95dba6a73cb1f4d4636b03,Me n coco are out today have a good day fb
5/9/2018 15:46,e091daad80b6465508e8a7f46039f511,I love backwards by joyner lucas.....great songğŸ’¯ğŸ”¥
5/9/2018 15:41,722dbadb7dbdde2674951444112056a4,That's what we did last night lol. That's the staffs at urban peak that we decided to make faces on last night lolz
5/9/2018 15:41,e4923b54fee4099cd07e6527f89ee05c,boss af
5/9/2018 15:41,65c6ec8d41ab9d0087c6896c07f68697,I'm not gonna force any more hate or negativity into this world... but I'll be DAMNED if another motherfucker takes my light away
5/9/2018 15:46,3319d08cece6831b417ca26e4fbdbb50,Yes
5/9/2018 15:41,dc6958a97c862ecd47a873e4631ce64a,Story of my life
5/9/2018 15:46,d06e4c94d11bf304a5020772e558c2df,The journals came in this tin box
5/9/2018 15:41,96e5b64410aa54c41274101881241bb8,If your my friend plz message me
5/9/2018 15:41,02e5fbacadd3d790fcd79e43b72d8e64,Im back homies hmu
5/9/2018 15:41,9a836e109727df5de2e417da9baf648d,ğŸ˜‚ğŸ˜‚ğŸ˜‚ğŸ˜‚On Life I Love This Picture<CM>And It Would've Been Ev3n Better with Maverick Miles Dinero. Patrick David Ryan But Its All Good Well get More And even Better Ones to Take So Enjoy<CM>Cause I love this Pic. And Wait to I get A Pic With Our Whole Squad.ğŸ‘ŠğŸ˜ŠğŸ˜ŠğŸ˜ŠğŸ˜ŠğŸ‘ŠKmdsl<NL>Chico G Chicano Dabbed. So you know I Cant Leave you Lonely on that1.
5/9/2018 15:46,3e4b3d3de03c17c9e50d25e5952f9000,Funnies for dayzzzzz
5/9/2018 15:41,6c00d3e4810c8b332ebf91441ad44e35,She Checked My Background I Was Approved To Train N Healthcare <CM> Dental Assistant &' Pharmacy Technology ğŸ‘©ğŸ½â€âš•ï¸ğŸ‘©ğŸ½â€ğŸ’» âœŠğŸ½ğŸ¥…ğŸ‰ğŸ’«ğŸ’¸ Glo Up Finna Be Godly ğŸ™ğŸ½ Slowly Meeting My Goals ğŸ¥…âœ¨ğŸ˜â£ï¸ğŸ˜
5/9/2018 15:41,88aff828efa9f1f2bcc224f53b72d8fd,This nigga always cheating at monopoly
5/9/2018 15:41,b2b69bacb91306bcc1a5dbece4c4e31f,ğŸ’¯ğŸ’¯ğŸ’¯ğŸ†—
5/9/2018 15:41,50003a16bf39a64197dc3e8ccb9e5fe8,Mikala<CM> more like my cats buttttttt its the same.
5/9/2018 15:41,291db0369a304363d7ed3acb7dda0af0,Never spending my cash on a <QT>woman<QT> again. Fuckk alll that
5/9/2018 15:46,86f5df79cc182f51dfecda16de9d39df,Ese tokes isn't a hater he just tells it like it is keep it ğŸ’¯ til the casket drops much love Tony Ruiz ese tokes
5/9/2018 15:46,4e5f71409bcdd0043368e979bb4e53e0,ğŸ˜œğŸ˜œğŸ’€ğŸ’€
5/9/2018 15:41,2919865fd74079e7a9543bcc732c0f1f,WHO HOUSE CN ME N MY THREE HOMGIRL CHILL AT ON MY B DAY REALLY DONT FUCK WIT NOBODY PLUS MY OWN SIS WONT LET ME DO  SHIT HERE AT THE HOUSEB LIKE BITCH I STAY HERE TO YEAH TIME TO GET TF OUTTA HERE CANT STAY SUMWHERE IM NOT WANTED N  EVERYONE ELSE IS FUNNY HOW THE WORLD WORKS
5/9/2018 15:41,d0d619ee7d26b54f0212fb18448f6f1a,Yes forrealsğŸ˜’
5/9/2018 15:41,9789f5244ffb549091a6ae17d9a706f4,Swimming is fun but super exhausting especially after three hours worth
5/9/2018 15:41,949a286c0d5038bec1756a9c5f578061,At work
5/9/2018 15:41,7a0e9548019c868c7faa6a2b165766d9,Im a grown ass man and gives a fuck what any lame has to say
5/9/2018 15:41,aef2e5ff1701f2fdfb0efcb8c6b099c8,fuk with me u kno you got it good.
5/9/2018 15:41,512a98f7b1b254ac2d2d99f3e1f7fee1,Sometimes it's easy to forget just how good the music in the Layton series is. Hopefully Lady Layton follows with this trend.
5/9/2018 15:41,9750f901d665d4da9168867c439f8c1a,Men need to cook for there woman too.<NL>She gets tired.
5/9/2018 15:41,cd551efd61150ad22309c1c7e86ddc29,ğŸ˜‚ğŸ˜‚ğŸ˜‚ğŸ˜±
5/9/2018 15:41,65149a97468e4b826b5f8f4d01a9a96d,Russell Hughes â™¡
5/9/2018 15:41,94c4dfc4833c953b6ef2ba411ae7a517,Who knew
5/9/2018 15:46,2df4a1d5470497b3457f337393a3b7e1,I haven't heard this song since I was 12 years old <3
5/9/2018 15:41,8fa83a72000dc9ab27da62b0b0a48308,DON'T TRUST ANYONE.
5/9/2018 15:41,ea5145c35bdfff9c46dc90b9a45afe99,My phone is going to be off tonight but it is OK my phone will be back on in two days pay day on Monday
5/9/2018 15:41,d02c97938a96e645b4123f1897065c68,I feel horrible <CM> I need to stop drinking .
5/9/2018 15:41,5a012e05ba78a5bbe8da4d08bffab30c,Ann Marie Fredette<CM> for them darn pie cases. ğŸ˜‚
5/9/2018 15:41,72c32ee8d55357c4830a979485caabf0,Funny how people can make a decision about whether or not they cool with u lol my thing is if u trying to be friends with me but fuck me off in the pass just note that I am never cool with anyone who is not me I only see me no one else only because there can't be me n u it has been only me because mfs will set up in your face act like they cool but I been peeking through a lot of the bs I just don't say anything I know I am wining ğŸ˜˜ğŸ˜ğŸ˜ğŸ˜‚ğŸ˜‚
5/9/2018 15:41,267d652f71e7fa217edfff3f3d7b5399,at my housing appointment :)<NL>ğŸ¤©ğŸ¤©ğŸ¤©
5/9/2018 15:41,0c3d249b5b173319d076cf68a517a1a8,finally rested up after #gorfest would like to say everyone who was on stage that i got to see at least killed it and also Andres was a champ with that shot we took lol ...
5/9/2018 15:41,fc3c00bd8778d49001c05b8867757618,babe i know we go tho  a lot but u will always be my rider
5/9/2018 15:41,35dc939943af5c27f7d1736c4e440922,My days off were good back too makin money ğŸ”¥
5/9/2018 15:41,787145461897c205c98778af01231a76,Jamal LilMall Smith when he sign that deal ğŸ˜‚ğŸ˜‚ğŸ˜‚ğŸ˜©ğŸ˜©ğŸ˜©ğŸ˜‚ğŸ˜‚ğŸ˜‚ğŸ˜‚ğŸ’¯ğŸ’¯ğŸ’¯âœŠğŸ¾
5/9/2018 15:46,1b67d6521e8cd9f63002c28ffe35386c,BrendenBachman i think this beats <QT>molly percasettes<QT> by a long shot ğŸ”¥ğŸ”¥ğŸ”¥
5/9/2018 15:41,82c1d5dc1a6286dbf9ffe445a3123c10,I be missing him
5/9/2018 15:41,d2612eb47f0ad44a55d32d7fc287a49e,Its all for you mama
5/9/2018 15:41,abdcfb6bff2ad9c0cfae3dfb1e633f22,world peace :)
5/9/2018 15:46,922f2ba2b6f6044cc6e4c311df76a993,DOES HE EVEN HAVE TEETH ANYMORE!?!?!
5/9/2018 15:41,782bcb2fafc91ea49694f89b62c6cce8,Omg who remembers this
5/9/2018 15:41,d8035e91ce6675ca9c9ba10ede90b73c,The fact that I don't look like anyone else makes me believe I live in a computer simulation. you know how main characters in video games are dramatically different while they live in a world of NPC's?<NL>Yeah....
5/9/2018 15:41,e5d70fc076688094f8c455e494e9ea3c,These are high-key ma favvvvv
5/9/2018 15:41,3f9c5ef861cc7551a3eaee20a8aeab69,Named him Russell.
5/9/2018 15:41,15203dfb06c00e9a24b558bbee49e7c5,I see there is a problem... IG imma stalker. LMFAO and <QT>Cassandra Stoddard<QT> has me blocked to cover tracks. im dead asf. <NL>#caniseeanultrasound?
5/9/2018 15:46,02af8c4ce2e9531bcc60a445524c7af2,ğŸ˜‚ğŸ˜‚ğŸ˜‚ğŸ˜‚ğŸ˜‚
5/9/2018 15:41,07cf7b09ca6d53f6fc0221768efbc9b2,Down fwm
5/9/2018 15:41,d99f19f8307609a07d8ef5898bcb8d0e,Snowstorm tommorrow freeze my balls off
5/9/2018 15:41,fdcfc996975cb3aa0747c3ec9c832867,I said goodbye like 10 times & I still don't think that was enough.  wish I could have stayed forever there with you mama
5/9/2018 15:41,f178a91c50c45cb39740d41f592ecf81,my last words to the world see you all later in heaven
5/9/2018 15:41,c43831211407f3aa413cbded21249191,MeğŸ˜‚ğŸ˜‚
5/9/2018 15:41,205b6b9784f232d8724d049475bda04f,Too funny. ğŸ˜‚ğŸ˜
5/9/2018 15:41,b4dd1c9eee40e80fdc41ffc63aaa734f,Tbh  anyone
5/9/2018 15:41,51bd3057a566949c691ef1cf3218ce71,Everyone's a hype beastğŸ‘
5/9/2018 15:41,62e2d17008184df491945044076c59b0,If you guys want to call or text me my number is (970) 316-3432
5/9/2018 15:41,36a8e01f1085a63bd8e8445d19e8e052,Damn some shit went down on Broadway and 9th avenue at the bar<CM> there's 14 Denver police there searching for someone looking on the ground for evidence<CM> maybe blood or some shit<CM> looking under cars and inside cars windows and all types of shit<CM> ambulance and fire trucks are there so there's something going on there. Glad I'm going back to Colorado Springs for a bit because it's crazy and wild down here.
5/9/2018 15:41,f0ef96ebe26acb0fbeb6dd857f045971,Be my princess for the day and let's go blow $150 on clothes and shit.
5/9/2018 15:41,ab112f44a1145e922aeeb3cd839562d7,I seen suppman and batsman
5/9/2018 15:41,539c2407b6995a88ecf677cb391e1b82,I love my dear little sisies.
5/9/2018 15:41,d98501e1f733cd03a1d469222daca9a9,Pamela Ethel Flint Cole
5/9/2018 15:41,bd5a2cf487ee7f877be88458712fd168,Priscilla Contreras my sissy in law ğŸ’™
5/9/2018 15:41,bc865634412c19312ed001bad77b67cc,Good as song man i fuck with it lloyd go boy
5/9/2018 15:46,446255bc0de4ddd7961b5ab111b72020,I got the closure I wanted. We both decided to stay friends. But nothing moreğŸ˜Š I'm glad I got to spend thanksgiving with you.
5/9/2018 15:41,dea506b83cdc21d8a8dba7ceaa85add5,Jose Morin
5/9/2018 15:41,1f1297f6f49d5059f2be509cbb14056a,This Las Vegas thing is really getting to me
5/9/2018 15:46,355f5f980b3d0189a8ea7e9aef18fd2c,Madara
5/9/2018 15:41,477354f99313cdc35e7fc93938713000,Lets kick it or something?
5/9/2018 15:41,c76b798ec167c048020ed000f8e7576c,Fuck I swear youre the dumbest
5/9/2018 15:41,622d3d9c74a04a8464df0bfc869690d1,This dog! XD
5/9/2018 15:46,f0eac9fb7618aee21d4370f59ab4c229,Prayers to the kids & families of those affected. Cant even be safe at an Ariana Grande concert! ğŸ’”
5/9/2018 15:41,ab94b1b232a0bf5c8fff00f7578d4c42,Got beats and galaxy 8 today
5/9/2018 15:41,a0e9c705263ba4b996c7533d9ac7f054,My body hurts and my mind is wired. Oh how I dream to be inspired.
5/9/2018 15:41,ffc9c4629d8c90a36bd64bf00f9b0bef,Kayvon Urban
5/9/2018 15:41,b9ebd5600b84890fb310b506d26cd799,Throwbacks pt. 3
5/9/2018 15:41,db1ea8752a41d2d4d20140fa0a016545,To this certain person.
5/9/2018 15:41,8938c157dbe3f98a660477b4b85afa1c,Cigarettes are bullies
5/9/2018 15:41,f3000c2c21c5d535912335fd6dec994d,My Mom Called Me To See If I Was Okay ğŸ˜­ I Love My Og â¤ï¸
5/9/2018 15:41,66a36ee74de907f3b807f4e537106198,WHAT DO I DO WITH A LOVE ONE THAT I LOST I THINK IM DONE AND READY TO HIDEAWAY FOR GOOD
5/9/2018 15:41,163cfdfb81b59e7b95d4b355698c54f7,I don't if i fit in this world but i got find what i can do with my life i choiceing to become a marine i don't know what this will do me but i will know sooner then latter I'm scared to death i just lost the only place i have to stay in all most of of money i need help but i know no one will help me i don't get help in this world i wish my life would just change and i could be loved and liked i don't understand what i did wrong
5/9/2018 15:41,34e4a76ee6668ad8c658a91992a0a472,PICK 6!!!!!!!!! LETS FUCKING GOOOOO
5/9/2018 15:41,5be506fe44aff677c6eeb01cd421b260,To those of you I haven't really talked to or met wanna hmu on messenger  for a vid call
5/9/2018 15:41,37c4b7c241a73bdde470c5dd5fa83ee8,30 hours without smoking a cigarette I really hope I can keep this up
5/9/2018 15:41,5dd56659f990d1e0bb9abb090f5ba7c7,Posted with the squad. Smh
5/9/2018 15:41,3564c8425e1a9b4cce2ea6d784abdd6d,I am Deviated
5/9/2018 15:41,79a861e0ab3d9d6717ccd7b55a9cb7a1,Feeling thankful. So thankful. For Michael but especially Joseph... And his family. His mother really I'm so sorry I lost that pack I got another
5/9/2018 15:41,3fc6810550269c5102a54d2b377bec14,I miss my dude like i miss my whiskeys
5/9/2018 15:41,5f9a12588a1ec309aa2d10b11a90344c,haven't seen this for years hahaha
5/9/2018 15:46,8ea81e4e5f603f5a9e10cd228eef0f6b,Olivia Leigh Vanderhoof
5/9/2018 15:46,2b2685c10c8a6b887b22002d9c6990a8,Im that micro in a macro world..could i really be heard? Could my presence be influential across the globe? Am i a cosmic/celestial being? - #dyamun #solscript
5/9/2018 15:41,0c0b6ba23d217333884adb4cf8aa5aa0,move over billy joelğŸ˜‚ğŸ˜‚ğŸ˜‚im coming for my house
5/9/2018 15:41,df9a7170d64ae4bb90e2e929f82c8b1a,Straight talk be straight be pissing me off
5/9/2018 15:41,ff57b1ee442856f85201e28ed84a4b11,Fuck that shit I have my necessity shit covered... My focus is on my stuff I ain't worried about the clothes etc.. I'm just gonna save money and hope I find a vehicle after two checkssaved... Js
5/9/2018 15:41,6aaf122f75cd94a68e9e8a9844877bf7,I'm too frustrated for this shit
5/9/2018 15:41,88af31243c3181a577d8dc86abaaeaa6,At the library âœŒ
5/9/2018 15:46,1fcfa179bf9943d3e76f9af32b4a3096,ğŸ˜‚ğŸ˜‚ğŸ˜‚ğŸ˜‚
5/9/2018 15:41,4cdc1ef4f9d1754775eef95ae032118a,For real tho ain helping yall
5/9/2018 15:41,81b303d0b4766d9282967602ff4574fb,ğŸ˜’
5/9/2018 15:41,c279d6536f8070048a759a1f7b839c52,Marshawn Lynch retired. Kobe Bryant Retired. Barack Obama leaving office this year<CM> damn man.. We're fucked more than we thought. ğŸ˜‚ğŸ˜­
5/9/2018 15:41,caf16a6bee0722a06bb488ab400f7201,//pieces of poems I have yet to write//<NL>#wip
5/9/2018 15:41,b144895328252ca55690b6bf882e63f3,In 2017<NL> Even the babies are gonna be selling weed fucking stoners lol
5/9/2018 15:41,d86f7b05f6f3770696013bfc04ebb87f,My mf'n birthday.
5/9/2018 15:41,6d3033417ed304757e29106845be5e9d,That moment when all you wanna do is cry
5/9/2018 15:41,c7d1eadc20ee26a4505bf49c3f4a23c1,That's my baby and my everything I love you baby cant wait!
5/9/2018 15:41,d64bcaf927a98c72cd4aa93acfe808cc,Yeah yeah yeah yeah
5/9/2018 15:41,864e26d829bc3a804f715e0dc17c436f,Donald dick Trump ass
5/9/2018 15:41,4ee8c6666758245d9f75408c934e5f96,About an hour and a half away from where I live ğŸ‘»
5/9/2018 15:41,83cd05d2ff6c818a20e3c524c9961a9e,Can't sleep so f****** bored no one wants to hang out
5/9/2018 15:41,10f4bb3cf3b60aa5515f5569c549fd94,AGAINST ALL ODDS.
5/9/2018 15:41,747a63d95c1a2ae11e195f302d395e1a,Pop is invited to ALL THE BLACK COOKOUTS
5/9/2018 15:41,fd51b77bfacc5fa8d55c6a31aec974c2,I do wish Payne would be taken seriously<CM> truth be told.
5/9/2018 15:41,2ace4e80347b41c3e8f2b6c4c10cc2a2,spencer isn't spencer without _____?
5/9/2018 15:41,fa968303823daa261040f74eaa5b4fe2,Hard work ğŸ‘ŠğŸ‘Š
5/9/2018 15:41,1d477c086c518be2a780a24668e35bcb,You think after this long<CM> you'd be used to being nothing more then an afterthought.
5/9/2018 15:41,8d27fd0b6ab7aed5b4cea0a39b54ed08,Hell ya anyday
5/9/2018 15:41,ce93ea6a21f7d2a2f6c538e3ce93cd72,Memory lane
5/9/2018 15:41,d0a2ad819eccf334f121c223730c5c5a,Happy new years!!! <NL>Turn up hoe!!!<NL>#2017
5/9/2018 15:41,0e4e763c322cd7e08a1ce3769962ad06,Snapchat filters.... Some people abuse them. I'll just leave it at thatğŸ˜
5/9/2018 15:41,992ccb062e21784ce4a2381364f59e91,Im a Android cold blood pumpin threw my steel heart
5/9/2018 15:41,0c4abc4b3fdd67d9abbaab7bb7656370,I'd kill someone
5/9/2018 15:46,538f9c5c77fcfa1f1af024721fe49b69,She looks like Steve Briskin up there
5/9/2018 15:41,4986b535061d30255847e7fb803c38d5,Lol baby
5/9/2018 15:41,1d9a4ea6c1813da46725264c275d7918,ğŸ’‹You should know you're beautiful the way you areğŸ’•ğŸ’ You don't have to change a single thing the world should change its heartğŸ‘‘ğŸ’
5/9/2018 15:41,f4f76a826d88edfe675ad31c3d90555b,July 5th Wya pimp? I'm ready for my Jordan year alreadyğŸ˜‚
5/9/2018 15:41,22d3d1353c3e835f27caa4e60c73cc43,â€ªWalmart Employees Be Everywhere Except At A Fucking Cash Register  ğŸ˜¡â€¼ï¸
5/9/2018 15:41,fb9eeae6e199d26802a9571919d11f8d,Lonzo Ball to the bulls???ğŸ¤”
5/9/2018 15:41,7daeefd0681f80a9635942225a49c62f,Going to Colorado Springs todayâœŒ. #ColoradoSprings
5/9/2018 15:41,ded1f9eb16ba5a4ddec5368da9373134,Me af
5/9/2018 15:41,190e52c174a0ce71dfc8807774a3c39e,Ima do that 2 Rowans
5/9/2018 15:46,0c768e8d894b950d6cb362634010b006,Runik Moon
5/9/2018 15:41,56f05630f9e29831659cacba159abef2,I got some gas anyone wanna chill today ?
5/9/2018 15:41,45dce5cadd3f44b6a6665701acf896a6,#NowPlaying The A Team by Ed Sheeran
5/9/2018 15:41,0cd6566c8bc1608b5ca8a24bf5bea1b7,This is actually really sad ;-;
5/9/2018 15:41,7937ffef0d8ece73eaa954625d255bff,I think this is the real one
5/9/2018 15:41,c8193b37c5a81ee8a5a72848170fc94f,When she says she hates her smile. I LOVE ITğŸŒ¹
5/9/2018 15:46,29ffa4593095074033dababe0a33b63a,Yall why is this me
5/9/2018 15:41,f032be0263206d9aa522f993e6021614,My favorite corner is adding up beautifully
5/9/2018 15:41,992e4940105a5a49b695c3f463b55158,Tattoos behind the ear. Who got em?? & how it feel?
5/9/2018 15:41,4c6fd5b1f61ddc12e1b9a2b2413c35a9,Hey friends<CM> what music should I listen to today?
5/9/2018 15:41,5753e476909d9af04db36ade75563981,My baby looks so serious driving lol!<NL>                     â¬‡â¬‡â¬‡â¬‡â¬‡â¬‡
5/9/2018 15:41,0d6f82cd4b09f2463c48adeafb3bf7d9,Life is easly borning but at least i am working to make it intersting each day
5/9/2018 15:41,3a0aca300fdd31c04643300ab46e4814,does anyone on my friends list even rp?
5/9/2018 15:41,6cb12d63aca815caa3af3f1381e0ab7d,This whole life isn't fair thing is not fair
5/9/2018 15:41,bba457a14e00eecd25828983e47f09ac,You Not A Stoner If Weed Ain't Make You Slow G ğŸ˜‚ğŸ’¯ Had To Cut Down Ofn . Cos I Knew I Was Smarter Then That Shit
5/9/2018 15:41,d1a017e7f5be12c6f9dfee08a8a0e540,Deion Mason sounds like you hahahaha
5/9/2018 15:41,f3177bae51eefc0e834bc52770886a12,im glad to be out of mississippi
5/9/2018 15:41,a8eb17621821c3d97345c94648286652,Man this song reminds me of my old teacher in Austin<CM> Texas. The teacher that helped me when he found out my guardian was abusing me<CM> he was there when I had my bad days and needed someone to talk to. I remember the first and last Chris I had at school with this teacher he buried a present in the school ground and let me use the old type gps to find the present. That was a good elementary teacher. #bestfriend
5/9/2018 15:41,350d45d6bd8fce3e6c096b24551764d1,About to go to the spot
5/9/2018 15:41,07263733da580220c2ee4e4d38a56b48,Never thought of it that way
5/9/2018 15:41,e0c3697ef17eb818b31aaf08aa5f084d,It's too early to be awake... Smh
5/9/2018 15:41,99b12e5eb0d9aa8bed67b5dac01df2d8,For the thrills. ğŸ’¯
5/9/2018 15:41,01d0a9e249359086ab65c9c2fb2d491f,Imma get that Grammy sonn. Fuck your magazine.
5/9/2018 15:41,bfeaf94e8e75e3bea554c8fecbcb3a20,Kool Kelly
5/9/2018 15:46,0f4ca28891644ec458c3223ac802c6fc,I'm 23 and enchanting ğŸ˜˜ğŸ˜‚
5/9/2018 15:41,a7e258321fe2cade6f444df1ca6fa28c,Hard to keep working with an empty stomach especially watching other people eat some bomb ass food
5/9/2018 15:41,3594d2f2547c92ba8acfe9ea77cba298,Makes sense ğŸ˜€ğŸ˜‚ğŸ˜‚ğŸ˜‚
5/9/2018 15:41,02b21718da268229374f8d82ed7611ef,Years of Rockin don't mean shitğŸ˜Š
5/9/2018 15:41,09180830df574ef8849fc232de50a600,no matter how high i get you're the only thing on my mind.
5/9/2018 15:41,0cf9d9626ef220217c14f4178a16d1a9,Julissa N MaryJane
5/9/2018 15:41,904e6c48da4879f401267edff6cb6708,The sky is blue
5/9/2018 15:41,ec8686596a4c1be2e23e5dd352fd6a9b,Hahaha. Shane Gomez
5/9/2018 15:41,d997d494947ebca3a9de9dad1d7fd72e,Yassss omgâ¤ğŸ˜â¤ğŸ˜
5/9/2018 15:41,ab79f38074f0bec8c1bcf11d2189831a,Smoking weed<CM> swimming<CM> trxlling religious ppl on fb
5/9/2018 15:41,c5019e875a89793fd168793a78e79416,Great.
5/9/2018 15:41,94c214fcf7f255522ad6ca80039e8582,Everytime I listen to CR5 I get even more pissed they killed chinx ğŸ¤¦ğŸ½â€â™‚ï¸
5/9/2018 15:41,b52186f5c4c0202a348a3a879f65fddf,One Thing I Never Been . <NL>MESSY ğŸ¤¦ğŸ½â€â™€ï¸ğŸ˜©ğŸ––ğŸ½
5/9/2018 15:41,d1c8328982cd9a33664e189ee0b46cfc,Would you like to bring the recording studio to your crib for the low price of charging me for rent? You decide<CM> otherwise I'm going to get rich and you're going to miss opportunities
5/9/2018 15:41,e6b07062eb96575968c6b785d04c3140,Really not for the shit Like ice is real thin today...ğŸ‘¿
5/9/2018 15:41,3a02fd8a313f36b3696de8ea70641ccf,Who's Hiring LOL hmu
5/9/2018 15:41,1ccb2e0e02949cfb1911992b059de14c,I like someone but I don't know how to tell him thoğŸ˜©ğŸ˜©ğŸ˜©ğŸ˜©ğŸ˜©ğŸ˜©
5/9/2018 15:46,65e7bd2af88f64ac9374d6a898da9238,This is why I call Colorado the mental state
5/9/2018 15:41,a09924951a27ff2d6a56989bffb0e721,Goodnight guysâœŒï¸
5/9/2018 15:41,ae1fd9bfda1558f2bdf82bb58337a014,Second and fifth hokage
5/9/2018 15:41,d7a15c52d2b5068e543881cbd83ad070,Shout out post to Sam<CM> lemme tell you<CM> she is the real MVP! Makin lifelong memories<CM> yall. ğŸ‘‘
5/9/2018 15:41,6cece94b36fe47a784c18eb1e6691d7f,Man it is funny  how u can have a job working hard  in Shit pay other people rent then get use for  bs going on fuck all that Shit.  Do I look like a  toy  I am not playing games with no one who thinks u better then them fuck that Shit.  I am a good person  but I am far from stupid  real Shit.  Mfs I am going to  be on top in time will tell.  U will see.  Fuck what mfs always thinking or talking about
5/9/2018 15:41,30f282eb6dce9dec3ba078dd791d8b94,Real Shit! When i tell you I love you<CM> I meant it<CM> Cause I dont Tell that Shit To Anybody And Everybody. So that Means you Are Special to me. But if you Are Human I will Tell you I love you No Matter Color Or Race. So that Counts 2....I Love Weed<CM>Music<CM>Intelligent Conversations or Something thats Leading Somewhere. thats Going Some where. Especially Realtionship Wise. I love to Chill And Vybe And Leave the Bullshit where its At<CM>But I also Love Time to myself to just think And Reflect on shit And Smile And Laugh While Im bumping Music. I love Blunts And Bad Women And I mean Bad As in That you Fly And Chill But Fine And Bad Af<CM>I only Date 7s and Up And If your Not A 7And up in my eyes then i wont Date you. True Fact<CM> Ik I may not be the Best looking Mutucka in the World But ik I Damn Sure Aint the Worse Either<CM> lol no where Near That. 1<CM>000<CM>000But I do be High AF Qnd Everythings Better when your High<CM> And My Problem Isnt That I Smoke To Much<CM>Its That I Dont Smoke Enough<CM> Kmdsl...Yeah..1<CM>000<CM>000..And I Wrote this Shit 2Some Music to just Fast Af Just Free mind Writing. Butt Yeah Thank you God.
5/9/2018 15:41,b7dbe59d599ab28d562f57fafa8a411b,Is that 50 piece chicken nugget shit from mcdonalds real. Or Mfs was bullshitting?ğŸ˜‚ğŸ¤”
5/9/2018 15:41,a01a396de471efd5df3a2ef977fd2589,It's been a while since I've listened to old country song
5/9/2018 15:41,b3881a50fa2fee113bb64efbf0e79802,Honestly imma stop following any serious American page... i cant trust it
5/9/2018 15:41,fb8aeba3c5773b604dbb46adc503bfd9,I mean if I was gonna I prolly would do it that way â™’â™’â™’â™’â™’
5/9/2018 15:41,c8a3d4669c88d5454cc01bb8d75ddbde,Wesley Snyder
5/9/2018 15:41,b513da0d07b1cbf08dbbdf811460604d,# best memories
5/9/2018 15:46,89497c0d92a55539fe16fe0f8044fe8e,<QT>I used to watch this just to jack off bro<QT>
5/9/2018 15:41,439ce0fcbeeb22b4b4724d15f5c9717d,I am complete. I am enough. I am worth it. May the Universe bring you plenty of blessings. ğŸŒŒğŸŒ™
5/9/2018 15:41,800b215dac5d5415e010300d6e49cf45,More like 2 steps forward and 6 steps back.  Smh.
5/9/2018 15:41,b0860604fb4c08bce67d36741f821530,Twin Splash Deonte Bozeman
5/9/2018 15:41,6ce054a5cec6cc2ff5ed5fc08f1a6722,Im usually like fuck you too buddy
5/9/2018 15:41,b05fb32a65c9f992e4993ac42ee16e55,There really needs to be more Dragon Warrior remixes in the world<CM> especially when the originals are some of the best pieces of music ever composed imo
5/9/2018 15:41,782b5978b0ac0525c0e4f70b848f1a46,How funny now I work here
5/9/2018 15:41,31c04cc0a9310ae4f784ec2684ca219f,We all got that one favorite movie that we watch like this!
5/9/2018 15:41,9663fc7d85dfe3d1104fddf6b8bcfb4d,Pretty much
5/9/2018 15:41,b76c3298e5f82c8530bb80954f33d9d1,Its times like these I wish I was able to read one mind only<CM> and thats my managers. Hahaha. Oh goodness...ğŸ˜“
5/9/2018 15:41,78559a97f4f0a18f47763cc3487feb18,Made it back to Prentiss last night  thanks sis thanks bro
5/9/2018 15:41,1775cbf7986d28d105f6921981d72c6c,When you waiting on a text back from Naiya but realize u didn't press the send button..ğŸ˜‚ğŸ˜ªğŸ˜‚ğŸ˜‚ğŸ˜‚ğŸ˜‚ğŸ˜‚
5/9/2018 15:41,b4932fe918c9f2482460f52375c966a1,Shittttttttt
5/9/2018 15:41,f39dd4c3cd49932218349ff4135b4bd7,These little dudes have my hart and it hurts right now as I travel home wow I miss u guys
5/9/2018 15:41,4477bd258ffabbe0e259587d0de777b1,Feelin' myself babes. ğŸ’œğŸ‘‘
5/9/2018 15:46,2b1b5beaaa48143f4c9edf625fde7feb,Omar bork al gala for ever my MCM. ğŸ˜ğŸ˜ğŸ˜ğŸ˜
5/9/2018 15:46,8bda06c00a17f15b06b8c8e8c1f676f9,Ross Barels Christopher Markus
5/9/2018 15:41,258b7c30fc20dc7fa52f68d030375833,Stuck sittin here in my thoughts.
5/9/2018 15:41,c28566466c0a91e79a7816499cf64ffe,I don't know how much longer I have to go though this pain I don't even know if this life is even  worth living for I should of took my life a long time ago and now I have a chance to :(
5/9/2018 15:41,b5ab09fb20e1c421af15e9f7fee88b54,FREE BRO GOD ğŸ’¯ğŸ’¯ğŸ’¯ğŸ’¯ğŸ’¯ğŸ’¯ğŸ’¯ğŸ’¯ğŸ’¯
5/9/2018 15:41,23df3c5384171e83ca654a82eecfa616,<QT>These Hoe's be sneaky. baby come on<QT>  ğŸ‘½youngfelğŸ‘½
5/9/2018 15:41,8d6265d49416eb159ca15ebf7100bd0f,Apparently I'm Onix
5/9/2018 15:41,4ea82363768d170d62cd0dfd73ac3900,These 30 days needa hurry up  #JulyGang
5/9/2018 15:41,f169517e8cbbb15061d4d4c3c7be0593,Give me focus or give me death
5/9/2018 15:41,02a9ba560c089a57b3f651a3314bb4c4,Jonathan Rennie
5/9/2018 15:46,6400d37e660e90bfed1261081afef4b6,Damn it<CM> now I want to learn guitar...
5/9/2018 15:41,a6e2b903595a4a1552d34db631765ea4,copenhagen mint invented the lightbulb
5/9/2018 15:41,eff456d7b038fd2a7ee77bce84e88a26,You niggas playin catch up! My grill BEEN on frozeğŸ˜ˆğŸ˜‚ğŸ˜‚ğŸ˜‚ğŸ˜‚ğŸ˜‚ğŸ˜‚ğŸ˜‚ğŸ˜‚ğŸ˜‚ğŸ˜‚ğŸ˜©ğŸ˜©ğŸ˜©
5/9/2018 15:41,c3a96283aa41c2140134847aa8445353,Slideeeeeee ğŸ˜ğŸ˜‡ Picture Buddy
5/9/2018 15:41,412af2149c0d0f05cea05877d60ce915,Omg the last three days have been awesome trippen balls on acid for the last four days here soon I'll be adding some awesome photos
5/9/2018 15:41,7f16016608e97c5dd25227ff20e3ec46,things in my life are good and finally getting better things have been rough for me but i know i can get through the hardest of times i know i will i have the will of fireğŸ”¥ im letting my self go with the flow like waterâ™’ and when im down and feel like i cant go any further i listen to the windğŸŒ€ for advice. but i would like to thank all who have been their for me and helped me through things im coming to a new beginning and would like to still have you their with me and to renew any relations i messed up because of my drug additionsâ˜ ï¸â˜¢ï¸â˜£ï¸ i had im now sober and well i feel great now                                    .                                                                                                            .                                                                                                              p.s.        may world peaceâ˜¯ï¸â˜®ï¸ come soon may everyone become spiritualğŸ˜‡ and enlightened be happyğŸ˜… live life
5/9/2018 15:41,98def69499b1c7d096e2732a4fa3210a,Michaela Ross Dominic Ross â™¡â™¡<NL>Love you both so much!! â™¡
5/9/2018 15:41,3cf1505986d02b26008cc07d3af7519a,i choose turqoise!
5/9/2018 15:41,9e09a2988d2b6274c996a8f9cfbd7fec,//untitled (for the moment)//<NL>#wip
5/9/2018 15:41,8b0b79e6589948a84a443fb511d4106e,Gabriel Kiefer
5/9/2018 15:41,d343ada6ef8d4ba498b42845b456b6e6,Youngking G Eli
5/9/2018 15:41,b6ae2b28a7f6c13793d9a6c74425a441,I hope you never want me back. Please let what is done be done.
5/9/2018 15:41,8f1769f6c912b75e3e5579c29e40a2bb,Fuck you and your needle monkey.
5/9/2018 15:41,06ec53872ea77ba6ef4417446163c1de,It's crazy how a simple doller can change someone's mood from starving to thanking God for an angel like mee. Only if I was rich I'd help the homeless & the poor . ğŸ’¯ğŸ‘Œ not even 1 dolled can change a hoes mindset from being selfish to being greedy!!
5/9/2018 15:41,8cf873bb7db3ccb35661b11918909ca8,I am just sad
5/9/2018 15:41,2f1504a2206ba472d6f96f9e27b6822d,Meeeee
5/9/2018 15:41,52cb4aac2d551eced8f2a81f7d8b9094,Only if forests were like this<CM> humanity never created machines.
5/9/2018 15:41,13afeb22028841cda181149498f3a7c4,Hmu for a smoke sesh later today. Bout to hit the dispo
5/9/2018 15:41,8ff26ff374cddc876bbea403bfc6642a,I am feeling very sick I been throwing up all morning seen 3am wtf I am not feeling very well today .
5/9/2018 15:41,a606943c4d05f00cda39423691e546cf,Desiree Monique and Vonique Muniz
5/9/2018 15:41,df52f5470a547a7c0a296585eabc755f,This is my life.
5/9/2018 15:41,360fc4d3fbbc021ff643b09ab3e37c4d,I'm glad ion have friends don't need them cuz they ain't real <NL>Only have a selected few!!
5/9/2018 15:41,8246af9a380ebfe832bbf48ffe4e4a60,AFFRAID OF BEING NOT HEARD OR BELIEVED
5/9/2018 15:41,369204adecfed07bd64fc81c363b571d,a gentle reminder to WASH BEHIND YOUR EARS AND IN BETWEEN YOUR TOES ğŸ›
5/9/2018 15:41,58d3a470186ca941f09af44f056f06ce,To cute for words. I want one!! ğŸ˜
5/9/2018 15:41,08c73669495d94c222b7afd6dd609cd6,Chase Davis Cody Rutland
5/9/2018 15:41,be22c2aca6a8bbae0f6084a9dd75df52,Fwm thought 2017? Maybe longer?ğŸ’ğŸ’
5/9/2018 15:41,6d2c354a2ecd745265b37b1f07b62479,Yep thats how we do
5/9/2018 15:41,65494304780193cee0a06eb291104312,I need a A-1ğŸ˜ğŸ˜˜ That is down with everything and doesn't give a fuck about drama like fr ğŸ˜­ğŸ˜‚
5/9/2018 15:41,e3540742f70afb2ec31c8edc7581b47c,Thank you Universe. This is me to the tee. ğŸŒŒğŸŒŒ
5/9/2018 15:41,600837a0ea5e1d1393dad4374909096a,ğŸ˜‚ğŸ˜‚ğŸ˜‚ğŸ˜‚ Baaabe you damn hoeskii
5/9/2018 15:41,e9ebb740f0b84be60b91af386d9f7d08,hahaha
5/9/2018 15:41,63e091f5b8d0e29aeb79d4c7212ad490,Captain's Log: Awoke from a deep hibernation. No feasible interaction with the locals.
5/9/2018 15:41,e0f49edc5a6cc2f0cb1f2c975d6d639a,âœ¨
5/9/2018 15:41,3593c54f67729e1dc74bb715a435d6fe,and the voice in your ear<CM> that's me ;)
5/9/2018 15:41,32709378a22b65e6744fc6f60a2a79bc,BACK ON THIS
5/9/2018 15:41,adfa9e70add468d940ff68d1bfa2fb7a,Davey Piro who rob layin out now
5/9/2018 15:41,cd088e6ab56fd8f666865001a326ad9b,YessssğŸ˜‚ğŸ˜‚ğŸ˜‚ğŸ˜‚
5/9/2018 15:46,31abc86f9a954c773cabd15c0aabdc96,With permission
5/9/2018 15:41,06598fe0b1b6f403132c119096b5cc02,Today I hope it rains a lot n I truly trying to keep my head up there is so much in life it is like it is unwritten u never know what is in front of u take the chance to see what u can do in life
5/9/2018 15:41,7eb4e24d1d753c26a2c7719055379d8e,So glad im not going to work til 11. Yesterday sucked!!!
5/9/2018 15:41,a8cfde933bec0167a6e26429b8de7036,Jammin' on the streets of Chicago with beautiful people #chicago #jam #streetperformers
5/9/2018 15:41,53918af71e6dfa6d872038869ffe470b,Bro.... I cant do no shirt & wear jewlery..ğŸ˜”ğŸ˜‚ğŸ˜‚ğŸ˜‚ my chains get caught/pull my chest hairğŸ˜‚ğŸ˜‚ğŸ˜‚ğŸ˜‚ğŸ˜‚ğŸ˜‚ğŸ˜‚
5/9/2018 15:41,5e22f9ed68b9d5fa771e01f985ffbcda,It wuz murder over hard LIKE I LIKE MY EGGS
5/9/2018 15:46,fecfd30265a69f03b7464baaa67f4b17,Lowkey XD
5/9/2018 15:41,04a8db4c32a20396b5e11e3807d10509,It was hot as fuck today
5/9/2018 15:46,0b2eb62964c18dea32bdb157ceeab339,Catching up on Black Ink Crew chicago.. Nigga charmaine need to shut the fuck up. All up in peoplr business ğŸ˜‚ğŸ˜‚
5/9/2018 15:41,c259d7f061d069248e000fe9f9107e09,Today was fuckin bullshit
5/9/2018 15:41,e63c23edffe063f546c8274a50bbe7bc,Awwwwww it's groundhogs Days
5/9/2018 15:41,e7979ffc5969669b1dedd6fe6ae01a6d,Stressed gal fer lyfe.
5/9/2018 15:41,503ba38e3372f4a86c99c0be53e066fb,Where the fuck was this attitude 3 games ago??
5/9/2018 15:41,02dcad84f63f3b0339a09a489221f785,Who is up shit  I am just up I mean  I took a nap at 1pm to 7pm today so I am  just up
5/9/2018 15:41,598732619f26faf1c7622bf8da2a0ee6,Mannn give me pro tools & a computer & a microphone! I'll be good
5/9/2018 15:41,754e5f20ad031141ced06ebe7715114a,Me wen i git denied
5/9/2018 15:41,183103f88b60a30201ce895921227633,Gotta take my ass to work but before I go .. Make sure you grab you a ticket for MMMFD Or Esham hell if you got the money why not grab both and chill with everyone hit up the brothers Marcus or Leary for Em and get your asses down to hermans hideaway tonight and show your support for the rebel gang mothafuckas
5/9/2018 15:41,0f2dde2b26cc3fa5a803f0417aaaf65d,Tristan<CM> why do I keep getting you for a doctor??? Aren't you supposed to be a cook? Or are you secretly getting a degree elsewhere...
5/9/2018 15:41,cfbb0aacab21202bb36643f443b3167e,Today has been really cool in relax  I smoke a blunt  in going to  the store
5/9/2018 15:41,20ad9e4683892a95f7e4eca53f89de89,Jenna Bean <NL>I can so see one of us saying this!! lol
5/9/2018 15:46,f38cd80f0b28a9ecfe3e0f30b357314f,So I was getting ready and I needed to brush my teeth. I couldn't find my toothpaste. I thought I found it. It happened to be cortizone. It looks the same when your in a rush. The inside of my mouth tastes like ass!
5/9/2018 15:41,c03e3922c8c3077ae0775a7bc39a7982,Be honest
5/9/2018 15:46,c03f700f08cf370bb0c9ce65bb951eb4,Steve Briskin Murry Christms 2018 pls
5/9/2018 15:41,de5e4ced0a09428ac0fdf8b72f8c0349,I feel so alone I am sad af I have been crying all day man shit be real tho people can never be in my shoes
5/9/2018 15:46,6ed168d8b2b0e74c2643513d04c9761d,turn up who coming<NL>drop a like
5/9/2018 15:41,fa4087be044fb3d2eeb5a98621b1792d,prepare to get fucked by the long dick of the law<CM> sugar tits
5/9/2018 15:41,2e4bde1a0b7b836fe3abab7e4ebc1e97,lmao
5/9/2018 15:41,7d97f546bd21a1fee2b824f80eb7a76e,â¤ï¸ğŸ˜
5/9/2018 15:46,a5e1e5aba344523493bc588716da13c6,ğŸ˜‚ğŸ˜‚ğŸ˜‚
5/9/2018 15:41,8a47d3139f3bcd6b0850cd562abda182,That's gonna be me and my baby real quick!!! lol I miss you babe <3
5/9/2018 15:46,ee6ccd12cd73ae48c5b3155648d8052a,Sweet Album Cover - Sweet Music
5/9/2018 15:41,567d4dec2b48b32f7d1c4cbb321d23f5,I love my friends<CM>hu my friends push like ğŸ‘ğŸ‘ğŸ‘ğŸ‘ğŸ‘ğŸ‘ğŸ‘ğŸ‘<CM>I want see<CM> how many friends I haveğŸ˜‰ğŸ˜‰ğŸ˜‰
5/9/2018 15:41,650e63442c9067fa92b9be5c2c6f2ffe,Smoking dutchies litt  ğŸ˜ˆ
5/9/2018 15:41,90be740dfd9e7a52a2d6f1f3fe90a92a,That is gone be yo dog mom Shardier Beard
5/9/2018 15:46,1d3c2f550a1aa9b782ae839200382f97,Lol. Same.
5/9/2018 15:41,ac5f2d35ec1d9ca667b4c314c144947c,Marshawn Lynch to the raiders?
5/9/2018 15:41,57c655a1685d0eef9f527c2b9296dd7d,Ainâ€™t nobody got my back but me<NL>Ainâ€™t nobody here when I need them but ME<NL>ainâ€™t nobody gonna help me but me.<NL>And ainâ€™t nobody gonna stay in my life but me
5/9/2018 15:46,69861dbcb0269b28fe9e35c2b2b590fb,Steve Briskin BRUHHHHHHH
5/9/2018 15:41,050e39fce971a33fee1f0f65e46b3c6c,I hate when people tell me <QT>I miss you best friend<QT> one of those pet peeves that get on my nervesğŸ’¯ğŸ’¯ if I've called you best friend it means you've gained my respect. Loyalty is not a one way streetğŸ’¯ğŸ’¯
5/9/2018 15:41,0c619e090e090356d6941e566aa3bd30,Wtf ğŸ˜‚ğŸ˜‚ğŸ˜‚
5/9/2018 15:41,88a15442c11a67a7977098b265d90944,Snapchat- xinjii31
5/9/2018 15:41,f4ca41bc6cec77aabb3d439487d3b906,I've been busy for the past 2 weeks I've been in Denver doing nothing but wake up at 5am going to work my 2 jobs<CM> go home and eat dinner<CM> clean<CM> take a shower and then going to bed and not having any days off so tomorrow and Tuesday is finally my two days off.
5/9/2018 15:41,bd00667e3dcbd829475e6dda0291aee1,Yo Frank is fucking with someone else now lol
5/9/2018 15:41,895eea5112270e6fcf192069d93594d2,I'm a Short Freaky Bitchh ğŸ˜ğŸ‘…ğŸ’¦
5/9/2018 15:41,b6cdb5d6619ee938d22a692423509b8b,Gots me another job
5/9/2018 15:41,508dd7fdd53657323126506a05301ce4,My movie of the year
5/9/2018 15:41,141ecf677ffe256963e0b77215cd642b,Let's chill? Tryna do something just woke up
5/9/2018 15:41,603a4d988b107197a5550ebafd1269b5,How many things are wrong with this
5/9/2018 15:41,ef50bdc2e797fafd2d818552cab1f778,Addy's guy lol were daayy at tho
5/9/2018 15:41,d97a410394318b93df38c1ace88f6097,Chillin at my BeBe place for a bit. I love him so much.
5/9/2018 15:41,2fa7e71577aa8454bef430e5a9578b92,Make one for a Kalashnikov and it will be ok
5/9/2018 15:41,08f293215d8999efed33ecd0da753dae,Niggaaaaa
5/9/2018 15:46,af8d89e297e7c896263259b5b8da1be1,What does this mean for you?
5/9/2018 15:41,bc541de36183aa182fe5606f1a101031,Lmao sorry to anyone who tried to watch my live video just a moment ago<CM> my microphone was having some technical issues.<NL>Anyway<CM> since video content is off the table please enjoy the #panooftheday.<NL>ğŸŒ¼ğŸŒ¼ğŸŒ¼
5/9/2018 15:41,234307ddcb2df54e4925c8a4f2aeb9e6,Inbox me if you would date meğŸ’¯
5/9/2018 15:41,38e2379d1ee04092842afb5adaf710bf,Anybody else wanna cap wit me & get put in they place before 2017?? Lemme knoğŸ¤™ğŸ¾
5/9/2018 15:41,314264e70df0f5ec57fad94301a9a250,LolğŸ˜‚ğŸ˜‚ğŸ˜­ğŸ˜­still am? Jokessssss
5/9/2018 15:41,3f8d4f3d5156a3a7fb0b9fc08dc348b6,This Young Nigga HandsomeğŸ˜‚ğŸ˜‚ğŸ˜‚ğŸ˜‚Its A Blessing To Be Me<CM>So Be Proud to be You.ğŸ˜
5/9/2018 15:41,70fe36a6cf6155da629627ac0c1ff481,Real niggas needa link bro. We needa another sit down<CM> u ready? Richard Bey
5/9/2018 15:41,985f760a97c1f3da1903a5887920a647,Resist the system. Seek out the truth over all the bs and the brainwashing.
5/9/2018 15:41,8a0529cdc513a722a6447fe39aaadb8c,On God Nigga!...fuck these hoes...mane..all these bitches just act the same...lol mane its like they are the same...and lol mane Bitches got me fucked up...But mufuckas ill need me b4 ill ever need them...Idgaf...And mane bitches act like they pussy are Golden...or sum...Tuh...lmao! I have a Golden dick...lol who gone take my mojo...you...haa! NO HOE. But im good...cause all these hoes just want Handouts...With they hands out...fuck you hoe and stay with yo Hands out..And stay on the line that yo ass on and where you stand now! And i swear to God! ITS STRAIGHT...(FYF)FUCK YOUR FEELINGS WITH MY DICK MODE!
5/9/2018 15:46,0f24abbfe3bececf6808a9087fc88262,Baby you're the highlight of lowlife #thatpoppy
5/9/2018 15:41,b6b2cf7645446c1a7caf41f47559e752,Ima nomad wanderer
5/9/2018 15:41,9e19e121630474de0b96014d75d59377,Jordan Johnston Belinda Miller....
5/9/2018 15:41,4ac5c37fcc0d9919d8267d73f3e729db,Lmfaooo I remember I went to record at Jay Lew studio<CM> recorded one song smoked hella wax & passed tf out ğŸ¤¦ğŸ½â€â™‚ï¸ğŸ˜­ğŸ˜­ğŸ˜­ğŸ˜­
5/9/2018 15:41,5025ceaaed69227711d239aaf3d4a37d,Fuck arapahoe county man lol free at last
5/9/2018 15:41,4640bd675023bf630f7373423cd214df,Damn now he really looks like a rez dogg!
5/9/2018 15:41,546b889a828ec5fcbb124c00d32ad60d,Good ğŸŒƒ facebook
5/9/2018 15:41,95c7959f5128690752dc2f8133425a14,My face hurts because i got this stupid smile stuck on my face these are some good days I must say  today is a good day :)
5/9/2018 15:41,fe75fde4df1a6f8447500245c9726f65,Wtf happen to kyrie Irving??
5/9/2018 15:41,77df1ff05e3893e1b54a5365c47e3a6c,Make a bitch cum lika court dateğŸ’€
5/9/2018 15:41,a25f617e3678483491c1a5b5d74b0709,My baby :* <NL>Russell Hughes
5/9/2018 15:41,2d8ca313b209acaef5a510ca3f9b52b2,Working Hard Af<CM> And TBH! I Love it<CM>Cause Hard Work Pays off<CM>And Only the Strong Survive<CM>And that Goes for Mentally<CM> Phiscally<CM>And Spiritually. And I Have Been to And Threw Hell And Back. And I swear to the Lord that that's Fact. And I know I'm Needed here. Cause if So<CM>I wouldn't be here<CM>And I would've Been gone. BUT....ğŸ˜€ğŸ˜€ğŸ˜€ğŸ˜€ğŸ˜€ğŸ˜ğŸ˜ğŸ˜ğŸ˜ğŸ˜ğŸ˜To see that I'm still Here. ğŸ˜‚ğŸ˜‚ğŸ˜‚ğŸ˜‚Yes Lord...(Now)FamilyğŸ˜›ğŸ˜ğŸ˜œ.ğŸ˜ŠğŸ˜‚ğŸ˜‚ğŸ˜‚ğŸ˜‚Let's Run These Checks up.ğŸ˜ğŸ˜<NL>ğŸš¶ğŸš¶ğŸš¶ğŸƒğŸƒğŸƒğŸƒğŸƒPaper Chasing Instead of chasing paper.â³ğŸ§ğŸ’¸ğŸ’¸ğŸ’¸ğŸ’¸ğŸ’¸ğŸ’¸ğŸ’¸ğŸ’¸ğŸ’¸ğŸ’¸ğŸ’¸ğŸ’¸ğŸ’²ğŸ’²ğŸ’²ğŸ’²ğŸ’²ğŸ’²ğŸ’ğŸ’ğŸ’ğŸ’ğŸ’ªğŸ’ªğŸ’ªğŸ™ŒğŸ™ŒğŸ™Œ<NL>ğŸ™ğŸ™ğŸ™ğŸ™ğŸ™ğŸ˜..Blessings ğŸ˜‡â˜ğŸŒˆâ›…ğŸŒğŸŒŸğŸŒŸğŸŒŸğŸŒFrom the Lord Above.â˜âœ‹ğŸ‘‹ğŸ‘âœŠğŸ‘Š.
5/9/2018 15:41,7e58e33af1721c99f0de8c9ffab11a91,Morning bowl
5/9/2018 15:41,402a90c3ea706709a620abc7acd6557e,I am tried today but I am off
5/9/2018 15:41,4aa1bfe03c74b1d9993ef64261b2a459,Call me back stupid before i cut u
5/9/2018 15:41,9ac8cd357f22422fb55c478376330b20,ğŸ˜‹ğŸ˜»
5/9/2018 15:41,d1e6dc7e5593af0dc91cd6118df911c5,We accept the love we think we deserve.
5/9/2018 15:41,78e851e82bf212c605e0f11622065d60,Batman
5/9/2018 15:41,eb519c785131bd3ba6f3c052912bf3d5,May anyone help me NOT look like a homely man? Gotta dress to impress.
5/9/2018 15:41,32fbc0967845c84468e253e48ecf8500,To all my homeless friends in Denver .. Stay safe Nd warm tonight with it dropping down below 10 tonight
5/9/2018 15:41,41e0db3afa9ebc80a67aefdb4de76d9a,15 facts about me<NL><NL>1. I'm femme trans male <NL>2. i dislike needles <NL>3. i adore all things cute and cuddly<NL>4. i'm only 5 foot 5<NL>5. i'm VERY ticklish<NL>6. prone to stealing all your hoodies<NL>7. i have a major sweet tooth<NL>8. clingy like a lil cute koala<NL>9. good fashion<NL>10. dancer<NL>11. i LOVE cuddling<NL>12. i scare easily<NL>13. fave color is pink<NL>14. never cosplayed before<NL>15. fave band is a german goth group called Schwarzer Engel
5/9/2018 15:41,bf778b62091a5428e04353cd7e89384b,ğŸ¤¦ğŸ½â€â™‚ï¸ğŸ‘¿ğŸ‘¿ğŸ‘¿ğŸ‘¿
5/9/2018 15:46,c118b08bb24a2746b8e441a0e0cc252e,I shoulda sung maurauder
5/9/2018 15:41,9f253bc9970c7535f2021694f2a89eda,Frankis the cutest thing in the world he's flippin adorable ima sew his eyes on tomorrow an make his little outfit buh for now this what he looks likeğŸ˜ŠğŸ˜˜
5/9/2018 15:41,dbf373e88007150569badb15ab5beec0,Because confidence is sexy!! <3
5/9/2018 15:41,23f3505d63c245e517c496733fd1c19b,And the sleepy goddess finally returns to her kingdom of blankets and dreams.
5/9/2018 15:41,b469cdbf7d2ae7e9ca7cf37171ad803f,ğŸ’œğŸ’œ
5/9/2018 15:41,46f410d829db71927d57ba3e1a361308,My sister is so beautiful! Her fiance sure is lucky!
5/9/2018 15:41,48db795f4f5db60688d7af0137c003ce,Trenton what's up for SXSW?
5/9/2018 15:41,2c766f36a875f512dcd544b6f5279fbb,Â¶Anna and Matthew colliding and they just stand there smiling at everything and everyone they knew before fading and then disappearing with a multicolored flash of light
5/9/2018 15:41,afda99c20bb464ccd8128cb322e7501e,Dope aSS Rola
5/9/2018 15:41,1c916943dbd4bc36949027ecfd7dc804,Like really?
5/9/2018 15:41,2ca52a42c08e9c7c0cb60f7a22ab1457,FUCK ENGLEWOOD 12!!<NL>Lucky I wasn't shot today by you pussy ass ops!
5/9/2018 15:41,d7d0501288e6e98b0594873528dcc4ba,Young<CM> gifted.
5/9/2018 15:41,afe580bafff1345f9f9276653bb2c09e,have a good evening everyone!
5/9/2018 15:41,f22419d8a90783555dee84954d6f33b4,can't help but to cry.....
5/9/2018 15:41,1a81dd5ffb048c1483a56eb58d396818,Some Body talk to me ğŸ˜”ğŸ˜”ğŸ˜”ğŸ˜”#BoredAsFuck
5/9/2018 15:41,22d158dff608579118833b17cf48dfe3,Grandma put the works
5/9/2018 15:41,a1f30e5398f7250a147fc92252f2e0da,He wasreadyto go and I could heart him shoutâ™¡â™¤â—‡â™§â™¡â™¤â‚¬Â£Â¥â‚©â—‡â™¡Â¿Â¡â™¡â—‡ã€‹ã€Šâ™¤ã€‹
5/9/2018 15:41,7b6f95f483317c133e2be394fe4d7d99,I'm gonna leave this up for a week. Comment if you actually want to remain on this friends list<CM> don't<CM> and I'll delete you. <NL>I don't care who it is.
5/9/2018 15:46,c5e22c1b19cc62a6be965543163377a6,My brain hurts...
5/9/2018 15:41,d9eebae83fc20fcdc6df2b957643fa8d,If your teeth ain't up to par.. please stop cheesing in your pictures.. we don't wanna see how many cigarettes u smoked & what u had for dinner the past 3-4 days.. Please & Thank You.
5/9/2018 15:41,04849ef7ccf7e542d36c988186c448da,How i feel this morning #Blessed <NL>#good  #Stomp
5/9/2018 15:41,d388b04efcbecf7b9d6b2df54cd34096,Uhhhhhhh oh
5/9/2018 15:41,ec62f2260bbdb2e12af26e8ced402b91,I swear once i Finish with the Last 3Songs ima Post #BlackSilence All Honesty.ğŸ¶ğŸ¼ğŸ¤ğŸ§ğŸ”¥ğŸ˜‡ğŸ˜ˆğŸ”¥.
5/9/2018 15:41,653a9d7fb48795a302a62cff7e61635f,And this is how Liberty dies<CM> with thunderous applause....<NL>How did we get here? I mean I know my generation is in general undereducated<CM> that's not our fault. I know that there is still underlying racism in our country and that's nobody's fault either. But we voted for a man who had no campaign until 2 weeks before Election Day. We voted for a man that has no right to even be near a position of power. We officially made the World hate us more than it already did. I've gotten 4 messages from my internet friends in Canada<CM> asking if I'm gonna be alright because they knew how upset id be. And honestly one single event in the world has never made me as sad or depressed as I am now. I had a nightmare and woke up early and decided to check<CM> and I don't think I ever woke up. In 4 hours I'm gonna sit in front of some of the CEOs and leaders of multiple organizations that help homeless youth and have to act as if I am in a clear state of mind. I've never said something so strongly<CM> but fuck you America. Fuck you for making my generation clean up the mess we just made. Fuck you for making the world laugh at us. Fuck you for not caring about women and your LGBT friends and family. Fuck you for feeling so superior that you voted for the most bigoted asshole I've ever seen in my life. The most abusive asshole I've ever seen in my life. So have fun having a doorknob for a First Lady.
5/9/2018 15:41,afc9163701797434b7cc7b8fa92f6fad,Going job searching DT. Current job sucks. ğŸ’¯ğŸ’¯
5/9/2018 15:41,ee54a5a604101b77e7d1a2c3764061b7,The most creepy place but very artisic and photo way to take a picture of. Including painting.
5/9/2018 15:41,0d571c37c7ed2be93102bce0bd7b7e43,Where is my other half. ğŸ˜‚
5/9/2018 15:41,78fa628332f11463dda2f555070c8ab6,Someone talk to me
5/9/2018 15:41,2f4e86b89962267c86f5302b9f8f7d3c,There's a rainbow halo around the moon tonight. Blessed be. ğŸŒŒğŸŒˆğŸŒ™
5/9/2018 15:41,d6fe3114fcaddf548eb58dccb98990d0,Lmfaooo shorty said aint shit in colorado.. So why u tryna take a trip then?ğŸ˜‚ğŸ˜‚ğŸ˜‚ğŸ˜‚ğŸ˜‚ğŸ˜‚ğŸ˜‚
5/9/2018 15:41,7c8560981538f360cfc6021d9311f0ed,This sort of tripped me out...
5/9/2018 15:41,441afdf17b0f90dd9c619edcd7d4f0e5,- I'm from CHICAGO ğŸ˜ˆğŸŒ where females ğŸ‘© get mad when they kids ğŸ‘¶ say they hungry ğŸ˜­ğŸ˜­ğŸ˜‚ğŸ˜‚ğŸ˜‚ğŸ’¯
5/9/2018 15:41,bbd5b519af6766375fe11d0b3d1b5c73,Yup Emotions are hard to deals with. You can kill them but they're still there
5/9/2018 15:41,09040b19b1a4be097b0d1f858cd093cf,Fuck this generation.
5/9/2018 15:41,5bd8c798abf07adea6b28b1498c05f72,How beautiful. Made me cry. Don't ever let anyone stop you from being who you want to be!! â¤â¤
5/9/2018 15:41,6efd789e16c019891fcafa7c98dd147f,Going to Arvada tonight<CM> i'm done with this bullshit drama at the urban peak in Denver i'm done with fucking being nice to everybody because apparently I get stabbed in the back for being there for people and they want to fucking fight me when I have done nothing to them for them to fuck me over and I guess I'm too nice for people song now it's time for me to be a bitch so everybody around me but I'm nice to just wants to fuck me over so fuck them have a great life because I'm done being there for people I'm done being nice I'm only going to be there for people that actually were there for me and not using me.
5/9/2018 15:41,9d8390dbaa72c10be3ac07fac3d57b76,The man nights out. My boyfriend his friends. Made them eggs and breakfast potatoes.  They played video games. This my morning and last night. They went to a bar for a fight game. Lmao I am the best girlfriend ever Tim Benson.
5/9/2018 15:41,2f0d3f01f9a1c1f7737de78c60e7e8d3,Hibaq Osman your comments have meâ˜ ğŸ’€â˜ ğŸ’€ğŸ’¯ğŸ”«
5/9/2018 15:41,b001ab75584bc782c49e7e50c53979a7,get out your Trippy kit
5/9/2018 15:46,7c8c3b584fa75d3c90803bea995c4e93,Looks good
5/9/2018 15:41,c0582bec63de474d69c9f8b9f1d1b257,Oneday ğŸ˜â¤ï¸
5/9/2018 15:41,ce7e06d74161605d54b479c0496a9349,Labor Day 2016 Blazing!!!
5/9/2018 15:41,7ec2c80809cd0f371289e0f98e344f48,Soliloquy
5/9/2018 15:41,7ac75f355d15c5057a6f284eda572701,So today I left  my keys on my friends  house I forgot  to get I want  all the way home  in back to get my keys lol I am getting  old
5/9/2018 15:41,3851d63c6ed238000bab8d8db6ba23e4,ok but like these three have strong make up game oml
5/9/2018 15:41,57b044b63590372bae2074afedd978c5,Batman the killing joke 10/10
5/9/2018 15:41,d982d62c34d92596dada7bd9451939c6,Kids: <QT>Do you have a cell phone charger?<QT><NL><NL>Me: <QT>You know<CM> when I was your age I played Nintendo and climbed trees.<QT><NL><NL>Kids: <QT> Yeah but aren't you like<CM> from the 80's. Stfu.<QT><NL><NL>Me: <QT>Yeah when I was your age I also got my ass wupped by other adult. Little shits.<QT>
5/9/2018 15:41,84a92c9a6e8d8b76e2097187a34de522,It's cold but not to cold for a walk.
5/9/2018 15:41,461cc9ff298b4bf934d8a9481268422a,Hibaq Osman
5/9/2018 15:41,0fc2ecbb98da30a5d547d86805e0ebef,am i the only one who hates edited songs and movies?
5/9/2018 15:41,457e0fac6e38c9e0bf20a04542147814,Look at my handsome loveğŸ˜„ğŸ˜„â¤â¤
5/9/2018 15:41,890bdb6b0c58256e3aa83765a785ec9b,The game
5/9/2018 15:41,9c11f4ff040daa802a96dd312661cebd,#stoner
5/9/2018 15:41,db1184b1d4a1e9252906b2d6e62f34aa,If today was a person I would totally punch it in the face.
5/9/2018 15:41,bf54a554628c192fd8d461c5737544d6,Happy Birthday <NL>Dizzy <NL>Gone but never forgotten#<NL>$quaadddd!!!!!!!
5/9/2018 15:46,cf75d3a07481f9566d56a7a4d9a785d0,After the video stopped he prolly threw them shits back At em & said fuck u old ass nigga ğŸ˜‚ğŸ˜‚ğŸ˜‚
5/9/2018 15:41,191af38e09f3bf3e4a2964c8a39d9772,Waiting on the 2nd episode of power like.......
5/9/2018 15:41,619579f6b8857c546c93c87c91c4e511,Think aboutb it hehe
5/9/2018 15:41,d972ef21b9cdee38cb0e6f98ae87e456,LaGang LilFoe ğŸ˜‚ğŸ˜‚ğŸ˜‚ğŸ˜‚ğŸ˜‚
5/9/2018 15:41,8b1c2068fab2eb8b13cb67ca68c2089d,<QT>why do we fall master bruce?<QT> <QT>to pick ourselves back up?<QT> exactly. - batman begins
5/9/2018 15:41,f52fe04947580d124325d795e0a76357,Alex Coleman
5/9/2018 15:41,c64b998109d3b8d8618c6a8bf74731ae,cigarettes make me wanna shit
5/9/2018 15:41,5e2469b8c72b460a166da3605b006ebf,Death is peace<CM> and life is a violent struggle to get there
5/9/2018 15:41,f6a438fc90baf8f3237fd6fe1482f271,I hate allergies ğŸ˜ƒ why am I allergicâ€‹to the Earth?ğŸ˜‚ğŸ˜‚
5/9/2018 15:41,519c9e6fb6a6deec53785312c3cd41e4,I'm the type of guy that if I really have pee and men's restroom is full. Best believe my ass is running into the girls bathroom
5/9/2018 15:41,03515d2aadab00825355764eee939a75,Nice greenery
5/9/2018 15:41,0b6aca5e909d233948a767dfc5e4d3ad,Great my transmission blown out in arvada<CM> now I have to lie to the bus driver just to get back to Denver
5/9/2018 15:46,1aa9bda1a5306e43066e0df84264da57,For real though... What Thee F bomb!!? Lol
5/9/2018 15:41,68ca8f8dbafd09b0c75c684daa52ca51,I will be happy as hell
5/9/2018 15:41,ff2551dce834b5f9853efe7eefcec605,Gonna be at wheel park tomorrow hmu if you wanna chill
5/9/2018 15:41,d2cffc7fea589b939b556d8abd58f737,Time to get up and get ready for work
5/9/2018 15:41,e64b545303910b45409cd3782145d24d,Thank u god for waking me up to see a another day . Thank u for this great weather today it is a beautiful day outside I am enjoying it every last bit of it out driving around today .
5/9/2018 15:41,4742a5468906a954cc5198d1daa26d83,Brooke Skyler Steele hahaha yuuuup
5/9/2018 15:41,1812f86065b3d2040d98c04c1f35fa6b,Feeling some typa way rn...ğŸ¤·ğŸ½â€â™‚ï¸ğŸ‘¿
5/9/2018 15:41,e5852c2496960d87e566ed7299e2ac6b,Its rare to meet a girl who appreciates . especially the lil that means the most. .
5/9/2018 15:41,b0cb4ae6c068958570df0294f7a051a5,Pick a tongue and I'll inbox you <NL>0ğŸ‘…1ğŸ‘…2ğŸ‘…3ğŸ‘…4ğŸ‘…5ğŸ‘…6ğŸ‘…7ğŸ‘…8ğŸ‘…9ğŸ‘…10ğŸ‘…11ğŸ‘…12ğŸ‘…
5/9/2018 15:41,ebf3727f99dccd37057a87ecf48e2b4b,If you post PokÃ©mon Go shit I will block you<CM> I'm tired of seeing it on my feed
5/9/2018 15:46,fbcacbefd44c49448562377b46dd8b75,ğŸ˜‚ğŸ˜‚ğŸ˜‚
5/9/2018 15:41,ffb1e8ec8abd8d07b270ba56bc30f9c8,Warren TwoCrow
5/9/2018 15:41,5611fc352c755c7137bcba7f626c9010,If I ever got a life sentence I'd shorten that shit up quick<CM> but otherwise life ain't that bad
5/9/2018 15:41,893f340c8e193bf8f0b10aa2efd5745e,God hates gingevitis
5/9/2018 15:41,a5a3badd4307624002d8a04ff1072500,I can't wait to just roll up in take a shower  long ğŸ˜ğŸ˜ğŸ˜ğŸ˜œğŸ˜œ
5/9/2018 15:41,d03599810ac0d5633e5d18559499e83f,My baby!!
5/9/2018 15:41,ab7762fc981f52a6e063554a7035d068,Takeoff
5/9/2018 15:41,58ed34c57165ed953c0e69a665060859,I detest this -.-
5/9/2018 15:41,04b6dd0b12bf20b407026f6017fe4353,I am feeling very sick and tired
5/9/2018 15:41,1cee84978e8dd5ee80a7b90a14627659,i'd be the idiotic fucker that would actually drink this tbvfh
5/9/2018 15:41,3da57f02686d0201720b99f03952d4f5,It is crazy how niggas are now days but as I said next in line
5/9/2018 15:41,9873cbf0399950e5280eb10792450bca,Id be a giant fucking scorpion fucking a giant fucking crab
5/9/2018 15:41,b08f43b7aee0525fb1bffece00e112ee,Haven't slept in a few days now... haha funny how life can jus pick you up then throw you down even harder.
5/9/2018 15:41,7d22f3934ed2d7207851082601a22bb0,Watching daredevil ... Not bad so far
5/9/2018 15:41,8eaa51465e400dcde2a77c49076ef4a3,at the time I wonder how much I could have made if I sold my adderall instead of abusing the whole script and never sharing
5/9/2018 15:41,864a0e860b1e6c346635ed007a4d6460,deam be like.....
5/9/2018 15:41,637172371791cac2f1e93b669aa63c7c,True. I got my beautiful GF and my little brother
5/9/2018 15:41,4eff7977074d30271010cd2059a3e143,I wish to Stay Good. Cause in my Past I done Did Enough Already. ğŸ˜‘ğŸ˜’ğŸ˜’ğŸ˜’ Lord knows.
5/9/2018 15:41,c87ac1218bbcdcff7723d5722493b745,Infatuated with killing my vibe you called it love i called it no trust you called it real i called it no us Funny how worthless you make me feel i know where my worth is and right now I only need me ğŸ‘ŒğŸ‘ŒğŸ’¯
5/9/2018 15:41,8a1db8a890a0fe56285d72dc065d9553,Go watch
5/9/2018 15:41,c4a3ff2d3668134bb5f5ba1692a9fbd2,me and gracie chilling at work
5/9/2018 15:41,f7a2a6b43656c25c9ef0f7cd7a62fe39,ğŸ˜ğŸ˜ğŸ˜ğŸ˜
5/9/2018 15:41,ac5e60eb90004ad6ee0d1674f04761e8,Selling my glass + grinder. The bigger hand pipe is already gone. Would like $50 for the set but will accept negotiations.
5/9/2018 15:41,8ec5fbbef32135ae1b93bd790384fa4d,shots fired
5/9/2018 15:41,a3931a435f298e14ed9799e7169337cb,I need to smoke some weed because that the only time I'm happy
5/9/2018 15:41,4555f5ede5f8718100cb50928414270d,Tyriyonna Charlot She looking at the camera like <QT>Yea I got it like this she ain't allowed to touch no other dogs but me<QT> ğŸ˜‚ğŸ˜‚ğŸ˜‚ fuckin Salia
5/9/2018 15:41,160e69e1db85faceab275bad5508c7b3,Sorry if i start come off as rude in the near future. Jus lemme know when/if i do. Cause i really have no idea where the line between rude and assertiveness
5/9/2018 15:41,7d372b06795863f740fa1d3479f33783,Libras and Scorpios are something else  â™ â™
5/9/2018 15:41,3f13852ee7abc3f37dabfa6b51887fe5,Miss when my baby lived down the street
5/9/2018 15:41,ca8b825545e6ef1c6c0a4d1f8740acb4,I'm Only Shy Around Fine Niggas . So If I'm Acting Awh Comfortable Around You . Ya Ass Ugly Ma Nigga ğŸ¤˜ğŸ½ğŸ’€
5/9/2018 15:41,5a6be3a3d5a444d20b0a59e1ad2bc8a7,Suka. You got me all types a fucked up. Think your hot shit<CM> ahaha <CM> okay. ;) you aint no better then me nor anybuddy else for that matter. Keep on an Sip ya tea pussy<CM> Dont know what your talkin bout<CM>
5/9/2018 15:41,2e7d6d7f88716dc8fd61465c9834634b,Shit I am  just waiting for  my background to come back I am just  waiting now my job interview want good
5/9/2018 15:41,933b42a542c5a394dcb51d05078202aa,ğŸ˜¥ğŸ˜¥ğŸ˜¥
5/9/2018 15:41,4194c6d671c275febb1f22856447ff8b,yeah. she deserved better
5/9/2018 15:41,a51deee43d8386c6526d8d3c12782640,Vauneshia McKinney Celine Vincent Christine Madison lmao!!!
5/9/2018 15:41,99f7d1d84b07dd012522daece7322fe7,Yay
5/9/2018 15:46,8d252c47f3c5ce49f838c5d4f0516614,This is awesome
5/9/2018 15:41,21d920d13c5b8c155f6f366dfb4c50ee,Girl you are stong keep that armor on and that head up <NL><NL>Love ya hacked by Shyla Montoya
5/9/2018 15:46,6acf8125d22e3a473d6ea8a5ab19aa1a,damn. ğŸ˜¢
5/9/2018 15:41,3e067e5579f55d02a88dc65e3260c41d,I'd just like to give a big ass shout out to my best friend Parker Hyrum Peterson for GRADUATING and GETTING ACCEPTED into ADVANCED ğŸ”¥ Parker we've been friends since the first day you got here and it's been amazing....Even tho we fight sometimes and u named a disease that killed man kind after me.....Lowkey took that as a compliment....You've helped me grow as a person and I might have grown to liking u just a lil jokes nigga ur my best friend ofc I like u broğŸ˜‚ğŸ˜‚ğŸ˜‚ğŸ˜‚ imma miss u bro but as soon as I hit Cali imma call u and come chill okayğŸ’¯ğŸ”¥ ur the best and continue growing you have alot to learn lol jk but frfr I know ur finna be successful and do whatever ur lil heart desiresâœŒğŸ’™ğŸ’™ğŸ˜˜ I love you bro and I can't wait to stop by ur food truck ğŸ’
5/9/2018 15:41,3c643e44041c15eb262ddcb9dcc489b4,2014-cont. Screenshots over the years.
5/9/2018 15:41,0e9fc5617759e131c7134731188a30f0,Angelmaker<NL><QT>Cycles of sickness seem to be my only form of existence<QT>
5/9/2018 15:41,cb3310a9a8233bfa3e1c4ccf75d03565,For real dose any one wanna call I'm sweet nice I don't ask for nude non of that plz someone call me
5/9/2018 15:46,b1d6600d5af0827fbf01d51c57eea235,Kolten Hodge idk if you've heard these guys but
5/9/2018 15:41,17091e031b40aaf03b383af541f36017,November 8-9<CM> 1923<CM> Hitler launched his plan (the Beer House Putsch) to take over the government of Bavaria. Hitler blames Jews<CM> among others<CM> as the cause of much of Germanyâ€™s problems.<NL><NL>How perfect that Trump would take the election on such a despicable anniversary.
5/9/2018 15:41,745492bc4cb177c0b16028fb3c1923ef,I don't care if they are tallerğŸ˜˜
5/9/2018 15:41,0efbf5de883ab15c1ca040ed50ed61a6,Sell 500<CM>000 Records you Gold <NL>Sell 1<CM>000<CM>000 Records you platinum <NL>Sell 2<CM>000<CM>000 Records you Multi-Platinum <NL>Sell 10<CM>000<CM>000 Records you Diamond.. <NL><NL>i been doing this shit all wrong
5/9/2018 15:41,bf3a84ce7b18c7ffa89cd0e04ae4b429,Fucking done with tonight
5/9/2018 15:41,74160f6997123478f184e4467e9e2ce5,If I get hit on by one more underage girl i'm deleting my Facebook that's 3 this week I date women in their thirties not thirteen year olds
5/9/2018 15:41,2c8ba202f159ff117d1e445591911cc3,Black and yellow black and yellow black and yellow yeah ahuh u know what it is everytime they loose they loose big hahahahah
5/9/2018 15:41,0c8b1e2f5ce1e46dd76a0219ee3d7cb0,Who woulda thought?
5/9/2018 15:41,a6f7de654655afb3e6ed18ab6c534f87,Thought i was winning had me lookin hella dumb had the focus to on it was crazy..
5/9/2018 15:41,c3cbd8d7673431195b28d398d290b712,Its so beutiful inside the capital building
5/9/2018 15:41,b9e65abfcb76b10b804927098e713478,ğŸ˜³ğŸ˜·
5/9/2018 15:41,25b5bb88b5ae5a91a303d49f8e6ca2a8,Shel Minor its my dog all the way
5/9/2018 15:41,81f2a44fd38e01710f9d9f9b4afa9210,That was hell
5/9/2018 15:46,07834ceb55b445284985fd81e97dddcb,bring back the real ben 10 tf
5/9/2018 15:41,f461cd0acae7feafd3e2e69971d50f41,I guess it's just that it's this time of year<CM> the holidays<CM> my birthday<CM> that I'm sitting here being all nostalgic. Y'know<CM> my senior year really sucked for a lot of reasons. But that time I spent with my dad every day talking. Those are actually my most fond memories of high school. Now that I'm over all of the guilt or disappointment about wrestling<CM> I really realize that those were the best<CM> most free times of my life. Even though I was hiding from the world<CM> there were so many things that made me smile during that time. Good with the bad I guess.
5/9/2018 15:41,43ac55542452cf38b4cb2d51d0b2d19d,Jump on my public button bus today to get them off I just try or be ton later pics to I'm them on cracked.
5/9/2018 15:41,011c80c067445f79b094f95df6fdb0e6,Lance EnochAaron when & what city yall tryna link? i miss my boys
5/9/2018 15:41,bd7fcb59bec3ce74fa1342aeb183cbbd,noche perfecta
5/9/2018 15:41,b1e240f9ca4ed77446bf9e900d70f2cf,I need some weed and a best friend ğŸ˜­ğŸ˜­ğŸ˜­ğŸ˜­ğŸ˜­ğŸ˜­ğŸ˜­ğŸ˜­ğŸ‘ŒğŸ‘ŒğŸ‘ŒğŸ‘ŒğŸ˜¥ğŸ˜¥ğŸ˜¥ğŸ˜¥ğŸ˜¥ğŸ˜¥
5/9/2018 15:41,a771000f412a9832d3ec176b8cba519f,Need one right about now.
5/9/2018 15:46,3a3b4e4eb8ad93ab4d941c4b198c9bfb,Baha<CM> the heart break was real on that one.
5/9/2018 15:41,8846f156ac47de13451103aa90ba4e0a,Tell me what's going on
5/9/2018 15:41,e0adc080daa9226f8e3681acaab267da,I feel like partying ğŸ™Œeven tho it's Tuesday ğŸ˜‚
5/9/2018 15:41,d13e65b46b77b1796dea9a381e415c7c,Small shift today then I'm off for a day.... Lets get it in
5/9/2018 15:46,c249493eb28f03d819f95bbbe843f68c,Haven't been here in a while #cityhallhouston #houston #summertime
5/9/2018 15:41,9d457bc3e1e49a0ef301e7bfa3d99e36,I'd rather spend some time in reverie<CM> where things don't have to be any set way.
5/9/2018 15:41,94c61b5643c7887ad0c22a76ebc26a54,I hate being sick...
5/9/2018 15:41,e0fde6efbdb8150e6f858054dbf8b5db,I know my ring won't be huge but let's see what happens. I am starting a friendship ring. If you are my friend<CM> press 'Like'<CM> comment <QT>Hey<QT> and copy this to your status. I'll be watching!!
5/9/2018 15:41,2dcae956ca21c05e4066228428fd2e7b,Courtney Easley
5/9/2018 15:41,c0d2a5d7bc03b0549f85ba0347065abc,Can I be a cat<CM> meow? Footie Jam-Jams Foevaaaaa. ğŸŒ›ğŸŒœğŸ±
5/9/2018 15:46,30c02740c8238307a01b6122096dad3e,Steve Briskin
5/9/2018 15:41,bd874a6fa5ba9eed199beec3ce91f84d,My birthday is coming up
5/9/2018 15:41,f0a3d2b4a86fb42648a1f1785ba14f8f,SubjectğŸ’—: crush <NL>Name in my phone ğŸ“±: Orlando<NL>Last time we talked ğŸ˜›: Last night<NL>How long have we known each otherğŸ˜: three weeks<NL>Made me mad ğŸ˜¡?  No<NL>Like/love them? â¤ï¸: VIBE with them<NL>Do you see them in your future? ğŸŒ: I hope so<NL>Are they taller? ğŸ“: yes<NL>Who has the worst temper?: depends<NL>Who's more stubborn? ğŸ˜: me <NL>One word to describe them ğŸ—£: amazing<NL>One emoji to describe themâœ¨: ğŸ˜<NL>First impression ğŸ¤—: he's crazyğŸ˜‚ <NL>What I dislike about themâ˜¹ï¸: nothing <NL>Rate 1-10ğŸ’¦: BMSğŸ™ğŸ˜˜ğŸ˜<NL>Comment <QT>ğŸ˜<QT> & I'll give you a subject ğŸ¤—ğŸ’—<NL>â€¢boyfriend ğŸ’<NL>â€¢girlfriend â£ï¸<NL>â€¢Crush ğŸ˜<NL>â€¢bestfriend ğŸ¤ğŸ¾<NL>â€¢exğŸ’”<NL>â€¢first love ğŸ’—
5/9/2018 15:41,d804c20142063808b16e7c60e3e9749d,Today has been another bless day !! My second son this year was born today at 143pm !! I am so blessed i love my kids !! #TEAMDAD #lovemykids please welcome jose iii.
5/9/2018 15:41,0e0d1995cd4f7efd8159bcda8a29af4c,ğŸ˜ˆğŸ¤”ğŸ˜ŒğŸ¤“
5/9/2018 15:41,d76bbb5bae46d10d9adeb144673c1cd3,ğŸ˜³ğŸ˜‡ğŸ’ªğŸ½ğŸ’“
5/9/2018 15:41,1c4046ca36c60f07817e26079bd1513f,I swear to the Lord. Boooy. These Hoes Ain't Shit<CM>And the Bitch Is Dead to me And That's on Life.<NL><NL>Dirty Hoe.
5/9/2018 15:41,dbd46f06c109a6a42bc349c70eddb7a4,ğŸ˜¢ğŸ‘„ğŸ˜
5/9/2018 15:41,13277c211d31e44abce7a89fe930590b,Just got myself a free soda from the bar at the union station
5/9/2018 15:41,6f0f4bad09026a9d882d7718ef911524,JUST got pay thank u god $$$$$735
5/9/2018 15:41,58f36d5198fe07faa50bff7f71a7dacf,Then that's when you keep on going ....
5/9/2018 15:41,086425e5548ad76e95fb0539f3f5fb7b,Mann. i had my PSN Account for like 6 years man.. how the fuck i just now get banned? playstation better reimburse me for all the damn games<CM> VC<CM> & Pre-orders i done bought
5/9/2018 15:46,20e35310518591c77dbf8d55e50caf88,So late on this
5/9/2018 15:41,baecd55d027d51ffa7747448e05a88ea,Haha oh so long ago Casey Froemel
5/9/2018 15:41,1026a926816372afe4893205290693e5,$adboyğŸ˜»ğŸ˜¼ğŸ˜¿<NL>*don't mind the messy roomğŸ˜‚ğŸ˜‚ğŸ˜‚
5/9/2018 15:41,cb4bd51ffef389bf01dc8fdc323db2b9,Let's grind to the top together. <NL>#makesomethingouttanothing
5/9/2018 15:41,0201bbf6f6c2f5aeee06730458b83e6d,... Always made with love! ğŸ˜‚ğŸ’œ
5/9/2018 15:41,9ea77ba66db96bea83f6b3c65fc28ba9,Dope just leave me on scene...... smh
5/9/2018 15:41,14905aaee7bb4ad2f64ad5208d521519,Job interview next Tuesday at 3pm .. sweet
5/9/2018 15:41,dcca16e6bd18e04d2cb02cfd0f7db80e,Rainy all day.
5/9/2018 15:41,89d1369334f813f4f453784ba3289cc1,3 Down ğŸ“ğŸ“ğŸ“. Me To Go ğŸ™ğŸ½ğŸ“ğŸŠğŸ’¯ #ClassOf2K17 ğŸŠ
5/9/2018 15:41,b0c7256a64af2af768c9e1fc8263567d,ğŸ˜‚ğŸ˜‚
5/9/2018 15:41,00568b3d31e6590f666949e5cff75e1a,O a lot is on my mind
5/9/2018 15:41,25624d92fe7ca1ad0bfe793b947e5346,It's always nice when you feel<CM> 'Hey<CM> I can't fuck things up anymore then I already have.' Then you fuck up more.<NL>I can feel the noose tightening around my neck with each step.
5/9/2018 15:41,5ffe7a359fc85e11cbe22e3db435d5d2,That moment when you miss someone so much but you can't do crap about it. Oh the luxuries of life.
5/9/2018 15:41,e9967c557c9a2894bde9ed7b2b3299f3,These are fun and I'm bored as hell lol
5/9/2018 15:41,35e8c6a7d543ebf9aa3764b0e3651f6a,People are so funny it is like I did not even like u any way tho bitch please find a job n do what I do then talk shit to me don't set here in stay some off the wall shit but yet I was still standing up right o OK lol
5/9/2018 15:41,0fc009245137e612b15f885f2b14e156,Fucking bullshit
5/9/2018 15:41,888eec82f350c9cb937759a5875c0a0a,Esso.
5/9/2018 15:41,7b4e0bd669abd4b36da0166c89e706e4,Lol hell na ain't no puking up in here
5/9/2018 15:41,11cd82a97514b82c385755d71334b9a6,I need a new phone my old one is broken I'm so sad ğŸ˜¢
5/9/2018 15:41,fd0769ec652145f4ba272e5005ca8e78,Me
5/9/2018 15:41,78cf8212b1d2541635eca4fe4d48ed5f,Its tough.. Will smith and john cena tho
5/9/2018 15:41,7b1df63eac1bd3908c5559c15fe48883,IDC what y'all say I was cute af ğŸ˜ğŸ˜ğŸ˜
5/9/2018 15:41,ecb29af72611ea5b3b6ea9ff8a3a97d3,Left turns...<NL>When will things be right?<NL>:c
5/9/2018 15:41,41876ee15f1f7fa4d40c1f5ef32f389b,<QT>The minute you settle for less than you deserve<CM> you get even less than you settled for.<QT> - Maureen Dowd.
5/9/2018 15:41,04d62b6bdef4c850f58cd7fe8b7aeae6,when you're at a girl's house and you use the bathroom just to find blood stains on the ğŸš½
5/9/2018 15:41,fcf0200a56c3973f79846cbbea48e4c3,This has been on my bucket list for such a long time â¤ï¸
5/9/2018 15:41,edcae27ab4e3a488dbee2e2f0b0dba59,ğŸ’ªğŸ½ğŸ’
5/9/2018 15:41,d5f46cc077c5838c26ca0406efa6c817,Y'all Ever Take Nudes Just For You Too Look At? ğŸ˜‚
5/9/2018 15:41,61f540c0a8fd5ed80ecfede80bfb94aa,The Soulless Demon!?<NL><NL>Sweet
5/9/2018 15:41,45c31861be1642ce75d71d71099d50ea,This is perfect
5/9/2018 15:41,34e17cce40313736f7188ab9e55e712b,We gotta go see this!!!! ğŸ˜<NL>Treva Chapo TjDenah Neah Chapo
5/9/2018 15:41,9e823c8bcfc3e224913db12dda289a3b,Tristan Magee David Lovato Malachi Everett
5/9/2018 15:46,853f58c5dac9bae8f76d830702bdba06,Yeees
5/9/2018 15:41,a92acd4ce2ebed297725588d37082069,Gatsby is best
5/9/2018 15:41,f23591978f2831c207203b3fb91aa222,Lol dang
5/9/2018 15:46,13279c6c820785767bbf0c92c75888ec,ğŸ˜’
5/9/2018 15:41,41bb81083b65d2c94d6465e53cd56fd2,How me and my cat feel when my mom says i think the cat has had enough treats
5/9/2018 15:41,48a31df46e17330f99c2d26ab127f0b5,Anyone need weed????
5/9/2018 15:41,efa8d3f94fddc90df013a541161d6ee9,fuuckk all you females. women. girls. whatever bunch of bullshiitt.
5/9/2018 15:41,92cd1a6a08c2f6ed706d8b6f44c01b15,mistakes are lessons when you try so many times with other people you make the same mistake trying to get the same result doesn't work like that I made a few trust me but this time around going to be a new chapter in my book The only difference is money money money and hopefully a healthy and stable relationship in a home and one of my great best friends so
5/9/2018 15:41,1af91de0b13e832c8ea30242cb322bff,For those worried about ACA coverage for themselves and their families. (I've copied and re-posted this from a friend)<NL><NL>After hearing about the midnight repeal of the pre-existing conditions clause<CM> I called Senator Warren's office. The woman I spoke to said they are being flooded with calls<CM> as are the offices of Speakers Ryan and McConnell.<NL><NL>Senator Warren's staff member told me what would help the most would be to call the five Republican senators who have broken away from the GOP to demanIId a slow down of the repeal. Tell them how much you appreciate their efforts to stop the train wreck and share your story.<NL>Cut and pasted-feel free to share.<NL>IMPORTANT: Please copy and paste. Please DO NOT just share. All of my settings are set to private. If you just hit <QT>share<QT> others will not be able to see your post (aside from mutual friends).<NL>They are:<NL><NL>Senator Bob Corker - (202) 224-3344<NL>Senator Lisa Murkowski - (202) 224-6665<NL>Senator Rob Portman - (202) 224-3353<NL>Senator Susan Collins - (202) 224-2523<NL>Senator Bill Cassidy - (202) 224-5824
5/9/2018 15:41,3638f2297766ea2435e5e29dc1e4f91d,Happy Father's day ğŸ˜³
5/9/2018 15:41,f6e04a4a67dfd3cea7d372c1d3e61eed,Being all stuffed up with a cold and back pain and neck and tooth ache and your woman problems all in one. As well mine grain. Ugh and work for hours and moving to your second shift of your job in a few hours. Adult life can be a bi... Ugh. I barely can get some sleep. Come on suck it up you can do this. I feel like something hit me hard and made me suffer. Ugh. You got this selena. I will get my life together and get my degree. I will I know it.
5/9/2018 15:41,a5914c220856de05f75ef2c068a3b13e,Hey im here
5/9/2018 15:41,dadae4be16b42774297c0a29938a9bc4,I really want StarbucksğŸ˜­ğŸ˜­ğŸ˜
5/9/2018 15:41,8c81312d22d04703c01f626d9534ba5c,de la muerte a la vida nos elevamos
5/9/2018 15:41,e41ef598b92c0c40866567f8cc08b72c,19 more daysğŸ˜ğŸ˜ğŸ˜
5/9/2018 15:41,2d36827cf994a8687888570e6a813001,Sit in the crib smoke blunts and pick up a pen it's the only goofy doom niggas like me make amends and led alone friends up
5/9/2018 15:41,52b1235405e69a664814dbc90520cfdf,People don't change
5/9/2018 15:41,c9a97f7303b9fbed871a6da40b080c91,When ever there is a meeting<CM> a parting is sure to follow. However<CM> that parting need not to last forever...Whether a parting be forever or merely a short time... That is up to you.
5/9/2018 15:41,ecf6c65aebb8b515c7b9f5b270169bd6,<QT>Look haha look haha<QT> ğŸ˜‚ğŸ˜‚ğŸ˜‚ğŸ’€
5/9/2018 15:41,40c69c11b25111089dc4eb412a612dc8,Took a few more photos. The dog its name is pepper.
5/9/2018 15:41,3192a01b67f69b30e2d673bc69664279,Kevin Lamar- These are my new glasses<CM> I love you #OneLove
5/9/2018 15:41,74cd618aba136abe908d1d0f14b4e8c8,i miss my dad shit man i have so much going one it is not funny
5/9/2018 15:46,0ff89f6177161c5e01bbf9c82abc8771,Excuse me<CM> I have to go curl up into a ball and cry....
5/9/2018 15:41,bd02e89bde14098cee43a47c641b9b0c,BahahağŸ˜‚ğŸ˜‚ğŸ˜‚ Kp lifeğŸ˜‚ğŸ˜‚ğŸ’€
5/9/2018 15:41,9c3a46687c85b267e5311470f04fe2b0,Im still sick of feeling this way
5/9/2018 15:41,02707d5e5b3df15bc66749bbb669159a,I need some tacos asap
5/9/2018 15:41,4c0ce2a9532236449f14919a9e48f6c0,both Grateful and Dead.
5/9/2018 15:41,4c04c40e0c954daaaae1fd560e309a07,Lmaoo killed 2 birds with 1 stone.. Off to get my hair cut & get sumn to eat.. Im feelin good rn
5/9/2018 15:41,b7e7e0bb9b249117a564ae48718ba87b,lost my key so i cant go back to the crib right now... whos down to chill?
5/9/2018 15:41,cfa40a733d264128d73e2dc7ed6cabe3,Good bye fb friends and family
5/9/2018 15:46,3c7b1fd18046f14588d87469b631b643,Info that all grown ass people who are sexually active should know. <NL>1. An entire human person can fit through my vag and then return to a normal vag size<CM> so what makes you think your tiny ass dick is gonna stretch it out. Get over yourself. <NL>2. Vaginas don't smell like fields of wildflowers<CM> tropical breezes<CM> strawberries<CM> etc. They smell like vaginas. If you don't like that plz<CM> do us all a favor and go fuck a field of wild flowers. <NL>3. Female humans evolved an organ specifically designed to give pleasure. It's called a clitoris- learn it<CM> live it; love it.<NL>4. Female humans are not equivalent to fleshlights: plz make sure fucking you is worth our time. <NL>5. Know thy vagina<CM> love thy vagina<CM> worship thy vagina. <NL>That is all.<NL>ğŸŒº
5/9/2018 15:41,1b9e4fe5a3e91c667f8579714d78ab90,Working from 10pm-7am tonight
5/9/2018 15:41,ce2d770f7e7accee30912769c56f3f75,If u ever front yo move more then twice w/me yo ass a bruford g & Ian fckin wit u. Idgnf who do. Foh
5/9/2018 15:41,32d424c309973f3b53b78b7b0710d1c0,I had A young man record it for me Lol So I had to Flip and get it right till he got the Recording Right! But Thank you young man<CM> N it's Snow outside on the ground n Street so Lol Fuck that! But AAA!.Chop it up<CM>n I dislike how it just stops at the end<CM>But A He got it!
5/9/2018 15:46,59de9de4739a25660d3c2e8f7deeead1,Do Ya Hear ğŸ‘‚ğŸ½ Me ? ğŸ¤¤
5/9/2018 15:41,e14376b2989be7081d20be73827ac36b,Fuck valentines day
5/9/2018 15:46,16358bfea6044a31bc97f0e15437b785,Dafuq
5/9/2018 15:41,6c65a82a25aee707c23a5f139a632410,Somebody smoke sumn??
5/9/2018 15:41,f58d79c6eb1404031efe0605e3085e49,you cant be neutral on a moving train. vinnie paz. look it up for the truth
5/9/2018 15:41,797734401608ea02edf3b6d21619cd1c,Can I just go no where for a few days? lol. like go somewhere. but no where
5/9/2018 15:41,2a8f54a42a8d2c4192819d4abf4d7f08,Brittani Milton Jayda Davis Rachel Lanaee Georgia SmithğŸ˜›ğŸ˜›ğŸ˜›ğŸ˜›ğŸ˜›ğŸ˜›ğŸ˜›ğŸ˜›ğŸ˜˜ğŸ˜˜ğŸ˜˜ğŸ˜˜
5/9/2018 15:41,36b49a8ab98a38c5fe3487dcf2afb9fb,When dudes flirt with you but you actually are looking for some free food. Hahah. Fatty fer lyfe!
5/9/2018 15:41,48d3ab42712736a356e036aa77ecb8f7,I cook dinner
5/9/2018 15:41,4e31f929448a5f6f68102fd1febbd75e,Alex Coleman
5/9/2018 15:41,13e952205b7068326105ad988fc79f65,#StopLien
5/9/2018 15:41,351bbdabbe6aaa165b58e8f619975738,well fuckin said my niqqa shout out to poyton
5/9/2018 15:41,92b0eda962692b4ba6c69128858379ab,<QT>If your happiness or success disturbs a person- you owe him nothing. He is made to be trampled underfoot.<QT>
5/9/2018 15:46,4c0c24b5e2976a2f87b7cdd539ab7b94,Rias Gremory
5/9/2018 15:41,e2809cb6700694e33561a7141ac23594,Goodnight to all
5/9/2018 15:41,124b4c2f51684da3eae285095bf232be,ooooh I fall apart!
5/9/2018 15:41,748e2d7e29426321c8461585fedbe1f6,I'm an asshole guys
5/9/2018 15:41,6ef55a529c5e8d1d1898d270f7131868,You ever just have one of those movies where you love it<CM> and it's a phenomenal movie<CM> but you just can't bring yourself to watch it<CM> because it reminds you too much of someone?
5/9/2018 15:41,a0dee87a375070ab8182267fc12bf9ea,Look at my puppy she SO cute in Lil
5/9/2018 15:41,475141551a6a2d9f646ec39dc6ceccdf,I feel like Trump & Hilary are two divorced parentsğŸ˜…ğŸ˜­ğŸ˜­ fighting over custody of us but we kinda just wanna go liveğŸ¡ with grandpa ğŸ‘´ğŸ» Bernie ğŸ˜‚ğŸ’¯
5/9/2018 15:41,f44292004bc9f84d8e706bc29d4a8d1c,ANY BITCH THE FUCXS WITH ME IS GOING TO GET BEAT THE FUCK UP OK K
5/9/2018 15:41,3217e98ea21bf912be03d8356820cacb,So u snitched on me bekuz i dont have weed smdh fml frfr
5/9/2018 15:41,d9f16dfc6a3827b9056d0457569a8dd5,Thankful for Beautiful lovely Women like Barbara Koenig
5/9/2018 15:41,9d7e75f3af00a2489fa43e21ba04ac44,Like dude wtf
5/9/2018 15:41,ab4d1d02e7642598c7b5d4a69ee55db5,*Follow Up*<NL>Girl: Excuse me?!<NL>Popcorn Vendor: Okay<CM> so salty.
5/9/2018 15:41,a5b323cb6e008db5509e75a17106fe6b,Tribute to my pop<CM> one of the smartest<CM> caring and coolest person(people?) I know.
